[1/286] Generating ../../DerivedSources/WebInspectorUI/UserInterface/Protocol/InspectorBackendCommands.js
[2/286] Generate bindings (WebCoreBindings)
[3/5] Generating ../../inspector-resources.stamp
[4/5] Linking CXX shared library lib/WebCore.framework/Versions/SOVERSION/WebCore
ld: warning: Support for dylib stub (MH_DYLIB_STUB) file '/Users/macbookpro/leopard-webkit-build/sdk/MacOSX-SDKs/MacOSX10.6.sdk/usr/lib/libz.dylib' is deprecated, text-based stubs should be used instead (with `GENERATE_TEXT_BASED_STUBS` build setting, or `tapi` tool)
ld: warning: Support for dylib stub (MH_DYLIB_STUB) file '/Users/macbookpro/leopard-webkit-build/sdk/MacOSX-SDKs/MacOSX10.6.sdk/usr/lib/libsqlite3.dylib' is deprecated, text-based stubs should be used instead (with `GENERATE_TEXT_BASED_STUBS` build setting, or `tapi` tool)
ld: warning: Support for dylib stub (MH_DYLIB_STUB) file '/Users/macbookpro/leopard-webkit-build/sdk/MacOSX-SDKs/MacOSX10.6.sdk/usr/lib/libxslt.1.dylib' is deprecated, text-based stubs should be used instead (with `GENERATE_TEXT_BASED_STUBS` build setting, or `tapi` tool)
ld: warning: Support for dylib stub (MH_DYLIB_STUB) file '/Users/macbookpro/leopard-webkit-build/sdk/MacOSX-SDKs/MacOSX10.6.sdk/usr/lib/libreadline.dylib' is deprecated, text-based stubs should be used instead (with `GENERATE_TEXT_BASED_STUBS` build setting, or `tapi` tool)
ld: warning: Support for dylib stub (MH_DYLIB_STUB) file '/Users/macbookpro/leopard-webkit-build/sdk/MacOSX-SDKs/MacOSX10.6.sdk/usr/lib/libicucore.dylib' is deprecated, text-based stubs should be used instead (with `GENERATE_TEXT_BASED_STUBS` build setting, or `tapi` tool)
ld: warning: Support for dylib stub (MH_DYLIB_STUB) file '/Users/macbookpro/leopard-webkit-build/sdk/MacOSX-SDKs/MacOSX10.6.sdk/usr/lib/libicucore.dylib' is deprecated, text-based stubs should be used instead (with `GENERATE_TEXT_BASED_STUBS` build setting, or `tapi` tool)
ld: warning: Support for dylib stub (MH_DYLIB_STUB) file '/Users/macbookpro/leopard-webkit-build/sdk/MacOSX-SDKs/MacOSX10.6.sdk/usr/lib/libicucore.dylib' is deprecated, text-based stubs should be used instead (with `GENERATE_TEXT_BASED_STUBS` build setting, or `tapi` tool)
ld: warning: Support for dylib stub (MH_DYLIB_STUB) file '/Users/macbookpro/leopard-webkit-build/sdk/MacOSX-SDKs/MacOSX10.6.sdk/usr/lib/libobjc.A.dylib' is deprecated, text-based stubs should be used instead (with `GENERATE_TEXT_BASED_STUBS` build setting, or `tapi` tool)
ld: warning: Support for dylib stub (MH_DYLIB_STUB) file '/Users/macbookpro/leopard-webkit-build/sdk/MacOSX-SDKs/MacOSX10.6.sdk/usr/lib/libSystem.dylib' is deprecated, text-based stubs should be used instead (with `GENERATE_TEXT_BASED_STUBS` build setting, or `tapi` tool)
ld: warning: Support for dylib stub (MH_DYLIB_STUB) file '/Users/macbookpro/leopard-webkit-build/sdk/MacOSX-SDKs/MacOSX10.6.sdk/System/Library/Frameworks/Accelerate.framework/Accelerate' is deprecated, text-based stubs should be used instead (with `GENERATE_TEXT_BASED_STUBS` build setting, or `tapi` tool)
ld: warning: Support for dylib stub (MH_DYLIB_STUB) file '/Users/macbookpro/leopard-webkit-build/sdk/MacOSX-SDKs/MacOSX10.6.sdk/System/Library/Frameworks/Carbon.framework/Carbon' is deprecated, text-based stubs should be used instead (with `GENERATE_TEXT_BASED_STUBS` build setting, or `tapi` tool)
ld: warning: Support for dylib stub (MH_DYLIB_STUB) file '/Users/macbookpro/leopard-webkit-build/sdk/MacOSX-SDKs/MacOSX10.6.sdk/System/Library/Frameworks/Cocoa.framework/Cocoa' is deprecated, text-based stubs should be used instead (with `GENERATE_TEXT_BASED_STUBS` build setting, or `tapi` tool)
ld: warning: Support for dylib stub (MH_DYLIB_STUB) file '/Users/macbookpro/leopard-webkit-build/sdk/MacOSX-SDKs/MacOSX10.6.sdk/System/Library/Frameworks/AudioUnit.framework/AudioUnit' is deprecated, text-based stubs should be used instead (with `GENERATE_TEXT_BASED_STUBS` build setting, or `tapi` tool)
ld: warning: Support for dylib stub (MH_DYLIB_STUB) file '/Users/macbookpro/leopard-webkit-build/sdk/MacOSX-SDKs/MacOSX10.6.sdk/System/Library/Frameworks/AudioToolbox.framework/AudioToolbox' is deprecated, text-based stubs should be used instead (with `GENERATE_TEXT_BASED_STUBS` build setting, or `tapi` tool)
ld: warning: Support for dylib stub (MH_DYLIB_STUB) file '/Users/macbookpro/leopard-webkit-build/sdk/MacOSX-SDKs/MacOSX10.6.sdk/System/Library/Frameworks/CoreServices.framework/CoreServices' is deprecated, text-based stubs should be used instead (with `GENERATE_TEXT_BASED_STUBS` build setting, or `tapi` tool)
ld: warning: Support for dylib stub (MH_DYLIB_STUB) file '/Users/macbookpro/leopard-webkit-build/sdk/MacOSX-SDKs/MacOSX10.6.sdk/System/Library/Frameworks/CoreAudio.framework/CoreAudio' is deprecated, text-based stubs should be used instead (with `GENERATE_TEXT_BASED_STUBS` build setting, or `tapi` tool)
ld: warning: Support for dylib stub (MH_DYLIB_STUB) file '/Users/macbookpro/leopard-webkit-build/sdk/MacOSX-SDKs/MacOSX10.6.sdk/System/Library/Frameworks/IOKit.framework/IOKit' is deprecated, text-based stubs should be used instead (with `GENERATE_TEXT_BASED_STUBS` build setting, or `tapi` tool)
ld: warning: Support for dylib stub (MH_DYLIB_STUB) file '/Users/macbookpro/leopard-webkit-build/sdk/MacOSX-SDKs/MacOSX10.6.sdk/System/Library/Frameworks/IOSurface.framework/IOSurface' is deprecated, text-based stubs should be used instead (with `GENERATE_TEXT_BASED_STUBS` build setting, or `tapi` tool)
ld: warning: Support for dylib stub (MH_DYLIB_STUB) file '/Users/macbookpro/leopard-webkit-build/sdk/MacOSX-SDKs/MacOSX10.6.sdk/System/Library/Frameworks/DiskArbitration.framework/DiskArbitration' is deprecated, text-based stubs should be used instead (with `GENERATE_TEXT_BASED_STUBS` build setting, or `tapi` tool)
ld: warning: Support for dylib stub (MH_DYLIB_STUB) file '/Users/macbookpro/leopard-webkit-build/sdk/MacOSX-SDKs/MacOSX10.6.sdk/System/Library/Frameworks/Quartz.framework/Quartz' is deprecated, text-based stubs should be used instead (with `GENERATE_TEXT_BASED_STUBS` build setting, or `tapi` tool)
ld: warning: Support for dylib stub (MH_DYLIB_STUB) file '/Users/macbookpro/leopard-webkit-build/sdk/MacOSX-SDKs/MacOSX10.6.sdk/System/Library/Frameworks/OpenGL.framework/OpenGL' is deprecated, text-based stubs should be used instead (with `GENERATE_TEXT_BASED_STUBS` build setting, or `tapi` tool)
ld: warning: Support for dylib stub (MH_DYLIB_STUB) file '/Users/macbookpro/leopard-webkit-build/sdk/MacOSX-SDKs/MacOSX10.6.sdk/System/Library/Frameworks/QuartzCore.framework/QuartzCore' is deprecated, text-based stubs should be used instead (with `GENERATE_TEXT_BASED_STUBS` build setting, or `tapi` tool)
ld: warning: Support for dylib stub (MH_DYLIB_STUB) file '/Users/macbookpro/leopard-webkit-build/sdk/MacOSX-SDKs/MacOSX10.6.sdk/System/Library/Frameworks/Security.framework/Security' is deprecated, text-based stubs should be used instead (with `GENERATE_TEXT_BASED_STUBS` build setting, or `tapi` tool)
ld: warning: Support for dylib stub (MH_DYLIB_STUB) file '/Users/macbookpro/leopard-webkit-build/sdk/MacOSX-SDKs/MacOSX10.6.sdk/System/Library/Frameworks/SystemConfiguration.framework/SystemConfiguration' is deprecated, text-based stubs should be used instead (with `GENERATE_TEXT_BASED_STUBS` build setting, or `tapi` tool)
ld: warning: Support for dylib stub (MH_DYLIB_STUB) file '/Users/macbookpro/leopard-webkit-build/sdk/MacOSX-SDKs/MacOSX10.6.sdk/System/Library/Frameworks/CoreFoundation.framework/CoreFoundation' is deprecated, text-based stubs should be used instead (with `GENERATE_TEXT_BASED_STUBS` build setting, or `tapi` tool)
ld: warning: Support for dylib stub (MH_DYLIB_STUB) file '/Users/macbookpro/leopard-webkit-build/sdk/MacOSX-SDKs/MacOSX10.6.sdk/System/Library/Frameworks/Accelerate.framework/Frameworks/vecLib.framework/Versions/A/vecLib' is deprecated, text-based stubs should be used instead (with `GENERATE_TEXT_BASED_STUBS` build setting, or `tapi` tool)
ld: warning: Support for dylib stub (MH_DYLIB_STUB) file '/Users/macbookpro/leopard-webkit-build/sdk/MacOSX-SDKs/MacOSX10.6.sdk/System/Library/Frameworks/Carbon.framework/Frameworks/Help.framework/Versions/A/Help' is deprecated, text-based stubs should be used instead (with `GENERATE_TEXT_BASED_STUBS` build setting, or `tapi` tool)
ld: warning: Support for dylib stub (MH_DYLIB_STUB) file '/Users/macbookpro/leopard-webkit-build/sdk/MacOSX-SDKs/MacOSX10.6.sdk/System/Library/Frameworks/Carbon.framework/Frameworks/ImageCapture.framework/Versions/A/ImageCapture' is deprecated, text-based stubs should be used instead (with `GENERATE_TEXT_BASED_STUBS` build setting, or `tapi` tool)
ld: warning: Support for dylib stub (MH_DYLIB_STUB) file '/Users/macbookpro/leopard-webkit-build/sdk/MacOSX-SDKs/MacOSX10.6.sdk/System/Library/Frameworks/Carbon.framework/Frameworks/HIToolbox.framework/Versions/A/HIToolbox' is deprecated, text-based stubs should be used instead (with `GENERATE_TEXT_BASED_STUBS` build setting, or `tapi` tool)
ld: warning: Support for dylib stub (MH_DYLIB_STUB) file '/Users/macbookpro/leopard-webkit-build/sdk/MacOSX-SDKs/MacOSX10.6.sdk/System/Library/Frameworks/Carbon.framework/Frameworks/CommonPanels.framework/Versions/A/CommonPanels' is deprecated, text-based stubs should be used instead (with `GENERATE_TEXT_BASED_STUBS` build setting, or `tapi` tool)
ld: warning: Support for dylib stub (MH_DYLIB_STUB) file '/Users/macbookpro/leopard-webkit-build/sdk/MacOSX-SDKs/MacOSX10.6.sdk/System/Library/Frameworks/Carbon.framework/Frameworks/Ink.framework/Versions/A/Ink' is deprecated, text-based stubs should be used instead (with `GENERATE_TEXT_BASED_STUBS` build setting, or `tapi` tool)
ld: warning: Support for dylib stub (MH_DYLIB_STUB) file '/Users/macbookpro/leopard-webkit-build/sdk/MacOSX-SDKs/MacOSX10.6.sdk/System/Library/Frameworks/Carbon.framework/Frameworks/Print.framework/Versions/A/Print' is deprecated, text-based stubs should be used instead (with `GENERATE_TEXT_BASED_STUBS` build setting, or `tapi` tool)
ld: warning: Support for dylib stub (MH_DYLIB_STUB) file '/Users/macbookpro/leopard-webkit-build/sdk/MacOSX-SDKs/MacOSX10.6.sdk/usr/lib/system/libmathCommon.A.dylib' is deprecated, text-based stubs should be used instead (with `GENERATE_TEXT_BASED_STUBS` build setting, or `tapi` tool)
ld: warning: Support for dylib stub (MH_DYLIB_STUB) file '/Users/macbookpro/leopard-webkit-build/sdk/MacOSX-SDKs/MacOSX10.6.sdk/System/Library/Frameworks/Carbon.framework/Frameworks/SecurityHI.framework/Versions/A/SecurityHI' is deprecated, text-based stubs should be used instead (with `GENERATE_TEXT_BASED_STUBS` build setting, or `tapi` tool)
ld: warning: Support for dylib stub (MH_DYLIB_STUB) file '/Users/macbookpro/leopard-webkit-build/sdk/MacOSX-SDKs/MacOSX10.6.sdk/System/Library/Frameworks/Accelerate.framework/Versions/A/Frameworks/vecLib.framework/Versions/A/libvDSP.dylib' is deprecated, text-based stubs should be used instead (with `GENERATE_TEXT_BASED_STUBS` build setting, or `tapi` tool)
ld: warning: Support for dylib stub (MH_DYLIB_STUB) file '/Users/macbookpro/leopard-webkit-build/sdk/MacOSX-SDKs/MacOSX10.6.sdk/System/Library/Frameworks/Carbon.framework/Frameworks/OpenScripting.framework/Versions/A/OpenScripting' is deprecated, text-based stubs should be used instead (with `GENERATE_TEXT_BASED_STUBS` build setting, or `tapi` tool)
ld: warning: Support for dylib stub (MH_DYLIB_STUB) file '/Users/macbookpro/leopard-webkit-build/sdk/MacOSX-SDKs/MacOSX10.6.sdk/System/Library/Frameworks/ApplicationServices.framework/Versions/A/ApplicationServices' is deprecated, text-based stubs should be used instead (with `GENERATE_TEXT_BASED_STUBS` build setting, or `tapi` tool)
ld: warning: Support for dylib stub (MH_DYLIB_STUB) file '/Users/macbookpro/leopard-webkit-build/sdk/MacOSX-SDKs/MacOSX10.6.sdk/System/Library/Frameworks/AppKit.framework/Versions/C/AppKit' is deprecated, text-based stubs should be used instead (with `GENERATE_TEXT_BASED_STUBS` build setting, or `tapi` tool)
ld: warning: Support for dylib stub (MH_DYLIB_STUB) file '/Users/macbookpro/leopard-webkit-build/sdk/MacOSX-SDKs/MacOSX10.6.sdk/System/Library/Frameworks/CoreData.framework/Versions/A/CoreData' is deprecated, text-based stubs should be used instead (with `GENERATE_TEXT_BASED_STUBS` build setting, or `tapi` tool)
ld: warning: Support for dylib stub (MH_DYLIB_STUB) file '/Users/macbookpro/leopard-webkit-build/sdk/MacOSX-SDKs/MacOSX10.6.sdk/System/Library/Frameworks/Carbon.framework/Frameworks/SpeechRecognition.framework/Versions/A/SpeechRecognition' is deprecated, text-based stubs should be used instead (with `GENERATE_TEXT_BASED_STUBS` build setting, or `tapi` tool)
ld: warning: Support for dylib stub (MH_DYLIB_STUB) file '/Users/macbookpro/leopard-webkit-build/sdk/MacOSX-SDKs/MacOSX10.6.sdk/System/Library/Frameworks/Accelerate.framework/Frameworks/vImage.framework/Versions/A/vImage' is deprecated, text-based stubs should be used instead (with `GENERATE_TEXT_BASED_STUBS` build setting, or `tapi` tool)
ld: warning: Support for dylib stub (MH_DYLIB_STUB) file '/Users/macbookpro/leopard-webkit-build/sdk/MacOSX-SDKs/MacOSX10.6.sdk/System/Library/Frameworks/CoreServices.framework/Frameworks/CFNetwork.framework/Versions/A/CFNetwork' is deprecated, text-based stubs should be used instead (with `GENERATE_TEXT_BASED_STUBS` build setting, or `tapi` tool)
ld: warning: Support for dylib stub (MH_DYLIB_STUB) file '/Users/macbookpro/leopard-webkit-build/sdk/MacOSX-SDKs/MacOSX10.6.sdk/System/Library/Frameworks/CoreServices.framework/Frameworks/LaunchServices.framework/Versions/A/LaunchServices' is deprecated, text-based stubs should be used instead (with `GENERATE_TEXT_BASED_STUBS` build setting, or `tapi` tool)
ld: warning: Support for dylib stub (MH_DYLIB_STUB) file '/Users/macbookpro/leopard-webkit-build/sdk/MacOSX-SDKs/MacOSX10.6.sdk/System/Library/Frameworks/OpenGL.framework/Versions/A/Libraries/libGL.dylib' is deprecated, text-based stubs should be used instead (with `GENERATE_TEXT_BASED_STUBS` build setting, or `tapi` tool)
ld: warning: Support for dylib stub (MH_DYLIB_STUB) file '/Users/macbookpro/leopard-webkit-build/sdk/MacOSX-SDKs/MacOSX10.6.sdk/System/Library/Frameworks/CoreServices.framework/Frameworks/CarbonCore.framework/Versions/A/CarbonCore' is deprecated, text-based stubs should be used instead (with `GENERATE_TEXT_BASED_STUBS` build setting, or `tapi` tool)
ld: warning: Support for dylib stub (MH_DYLIB_STUB) file '/Users/macbookpro/leopard-webkit-build/sdk/MacOSX-SDKs/MacOSX10.6.sdk/System/Library/Frameworks/CoreServices.framework/Frameworks/Metadata.framework/Versions/A/Metadata' is deprecated, text-based stubs should be used instead (with `GENERATE_TEXT_BASED_STUBS` build setting, or `tapi` tool)
ld: warning: Support for dylib stub (MH_DYLIB_STUB) file '/Users/macbookpro/leopard-webkit-build/sdk/MacOSX-SDKs/MacOSX10.6.sdk/System/Library/Frameworks/OpenGL.framework/Versions/A/Libraries/libGLU.dylib' is deprecated, text-based stubs should be used instead (with `GENERATE_TEXT_BASED_STUBS` build setting, or `tapi` tool)
ld: warning: Support for dylib stub (MH_DYLIB_STUB) file '/Users/macbookpro/leopard-webkit-build/sdk/MacOSX-SDKs/MacOSX10.6.sdk/System/Library/Frameworks/Quartz.framework/Frameworks/QuartzComposer.framework/Versions/A/QuartzComposer' is deprecated, text-based stubs should be used instead (with `GENERATE_TEXT_BASED_STUBS` build setting, or `tapi` tool)
ld: warning: Support for dylib stub (MH_DYLIB_STUB) file '/Users/macbookpro/leopard-webkit-build/sdk/MacOSX-SDKs/MacOSX10.6.sdk/System/Library/Frameworks/CoreServices.framework/Frameworks/SearchKit.framework/Versions/A/SearchKit' is deprecated, text-based stubs should be used instead (with `GENERATE_TEXT_BASED_STUBS` build setting, or `tapi` tool)
ld: warning: Support for dylib stub (MH_DYLIB_STUB) file '/Users/macbookpro/leopard-webkit-build/sdk/MacOSX-SDKs/MacOSX10.6.sdk/System/Library/Frameworks/CoreServices.framework/Frameworks/OSServices.framework/Versions/A/OSServices' is deprecated, text-based stubs should be used instead (with `GENERATE_TEXT_BASED_STUBS` build setting, or `tapi` tool)
ld: warning: Support for dylib stub (MH_DYLIB_STUB) file '/Users/macbookpro/leopard-webkit-build/sdk/MacOSX-SDKs/MacOSX10.6.sdk/System/Library/Frameworks/CoreServices.framework/Frameworks/DictionaryServices.framework/Versions/A/DictionaryServices' is deprecated, text-based stubs should be used instead (with `GENERATE_TEXT_BASED_STUBS` build setting, or `tapi` tool)
ld: warning: Support for dylib stub (MH_DYLIB_STUB) file '/Users/macbookpro/leopard-webkit-build/sdk/MacOSX-SDKs/MacOSX10.6.sdk/System/Library/Frameworks/CoreServices.framework/Frameworks/AE.framework/Versions/A/AE' is deprecated, text-based stubs should be used instead (with `GENERATE_TEXT_BASED_STUBS` build setting, or `tapi` tool)
ld: warning: Support for dylib stub (MH_DYLIB_STUB) file '/Users/macbookpro/leopard-webkit-build/sdk/MacOSX-SDKs/MacOSX10.6.sdk/System/Library/Frameworks/Quartz.framework/Frameworks/PDFKit.framework/Versions/A/PDFKit' is deprecated, text-based stubs should be used instead (with `GENERATE_TEXT_BASED_STUBS` build setting, or `tapi` tool)
ld: warning: Support for dylib stub (MH_DYLIB_STUB) file '/Users/macbookpro/leopard-webkit-build/sdk/MacOSX-SDKs/MacOSX10.6.sdk/System/Library/Frameworks/Quartz.framework/Frameworks/QuartzFilters.framework/Versions/A/QuartzFilters' is deprecated, text-based stubs should be used instead (with `GENERATE_TEXT_BASED_STUBS` build setting, or `tapi` tool)
ld: warning: Support for dylib stub (MH_DYLIB_STUB) file '/Users/macbookpro/leopard-webkit-build/sdk/MacOSX-SDKs/MacOSX10.6.sdk/System/Library/Frameworks/Quartz.framework/Frameworks/ImageKit.framework/Versions/A/ImageKit' is deprecated, text-based stubs should be used instead (with `GENERATE_TEXT_BASED_STUBS` build setting, or `tapi` tool)
ld: warning: Support for dylib stub (MH_DYLIB_STUB) file '/Users/macbookpro/leopard-webkit-build/sdk/MacOSX-SDKs/MacOSX10.6.sdk/System/Library/Frameworks/Quartz.framework/Frameworks/QuickLookUI.framework/Versions/A/QuickLookUI' is deprecated, text-based stubs should be used instead (with `GENERATE_TEXT_BASED_STUBS` build setting, or `tapi` tool)
ld: warning: Support for dylib stub (MH_DYLIB_STUB) file '/Users/macbookpro/leopard-webkit-build/sdk/MacOSX-SDKs/MacOSX10.6.sdk/System/Library/Frameworks/CoreVideo.framework/Versions/A/CoreVideo' is deprecated, text-based stubs should be used instead (with `GENERATE_TEXT_BASED_STUBS` build setting, or `tapi` tool)
ld: warning: Support for dylib stub (MH_DYLIB_STUB) file '/Users/macbookpro/leopard-webkit-build/sdk/MacOSX-SDKs/MacOSX10.6.sdk/System/Library/Frameworks/ApplicationServices.framework/Frameworks/ImageIO.framework/Versions/A/ImageIO' is deprecated, text-based stubs should be used instead (with `GENERATE_TEXT_BASED_STUBS` build setting, or `tapi` tool)
ld: warning: Support for dylib stub (MH_DYLIB_STUB) file '/Users/macbookpro/leopard-webkit-build/sdk/MacOSX-SDKs/MacOSX10.6.sdk/System/Library/Frameworks/ApplicationServices.framework/Frameworks/HIServices.framework/Versions/A/HIServices' is deprecated, text-based stubs should be used instead (with `GENERATE_TEXT_BASED_STUBS` build setting, or `tapi` tool)
ld: warning: Support for dylib stub (MH_DYLIB_STUB) file '/Users/macbookpro/leopard-webkit-build/sdk/MacOSX-SDKs/MacOSX10.6.sdk/System/Library/Frameworks/ApplicationServices.framework/Frameworks/LangAnalysis.framework/Versions/A/LangAnalysis' is deprecated, text-based stubs should be used instead (with `GENERATE_TEXT_BASED_STUBS` build setting, or `tapi` tool)
ld: warning: Support for dylib stub (MH_DYLIB_STUB) file '/Users/macbookpro/leopard-webkit-build/sdk/MacOSX-SDKs/MacOSX10.6.sdk/System/Library/Frameworks/Accelerate.framework/Versions/A/Frameworks/vecLib.framework/Versions/A/libBLAS.dylib' is deprecated, text-based stubs should be used instead (with `GENERATE_TEXT_BASED_STUBS` build setting, or `tapi` tool)
ld: warning: Support for dylib stub (MH_DYLIB_STUB) file '/Users/macbookpro/leopard-webkit-build/sdk/MacOSX-SDKs/MacOSX10.6.sdk/System/Library/Frameworks/ApplicationServices.framework/Frameworks/CoreText.framework/Versions/A/CoreText' is deprecated, text-based stubs should be used instead (with `GENERATE_TEXT_BASED_STUBS` build setting, or `tapi` tool)
ld: warning: Support for dylib stub (MH_DYLIB_STUB) file '/Users/macbookpro/leopard-webkit-build/sdk/MacOSX-SDKs/MacOSX10.6.sdk/System/Library/Frameworks/ApplicationServices.framework/Frameworks/CoreGraphics.framework/Versions/A/CoreGraphics' is deprecated, text-based stubs should be used instead (with `GENERATE_TEXT_BASED_STUBS` build setting, or `tapi` tool)
ld: warning: Support for dylib stub (MH_DYLIB_STUB) file '/Users/macbookpro/leopard-webkit-build/sdk/MacOSX-SDKs/MacOSX10.6.sdk/System/Library/Frameworks/ApplicationServices.framework/Frameworks/SpeechSynthesis.framework/Versions/A/SpeechSynthesis' is deprecated, text-based stubs should be used instead (with `GENERATE_TEXT_BASED_STUBS` build setting, or `tapi` tool)
ld: warning: Support for dylib stub (MH_DYLIB_STUB) file '/Users/macbookpro/leopard-webkit-build/sdk/MacOSX-SDKs/MacOSX10.6.sdk/System/Library/Frameworks/ApplicationServices.framework/Frameworks/QD.framework/Versions/A/QD' is deprecated, text-based stubs should be used instead (with `GENERATE_TEXT_BASED_STUBS` build setting, or `tapi` tool)
ld: warning: Support for dylib stub (MH_DYLIB_STUB) file '/Users/macbookpro/leopard-webkit-build/sdk/MacOSX-SDKs/MacOSX10.6.sdk/System/Library/Frameworks/Accelerate.framework/Versions/A/Frameworks/vecLib.framework/Versions/A/libLAPACK.dylib' is deprecated, text-based stubs should be used instead (with `GENERATE_TEXT_BASED_STUBS` build setting, or `tapi` tool)
ld: warning: Support for dylib stub (MH_DYLIB_STUB) file '/Users/macbookpro/leopard-webkit-build/sdk/MacOSX-SDKs/MacOSX10.6.sdk/System/Library/Frameworks/ApplicationServices.framework/Frameworks/PrintCore.framework/Versions/A/PrintCore' is deprecated, text-based stubs should be used instead (with `GENERATE_TEXT_BASED_STUBS` build setting, or `tapi` tool)
ld: warning: Support for dylib stub (MH_DYLIB_STUB) file '/Users/macbookpro/leopard-webkit-build/sdk/MacOSX-SDKs/MacOSX10.6.sdk/System/Library/Frameworks/ApplicationServices.framework/Frameworks/ATS.framework/Versions/A/ATS' is deprecated, text-based stubs should be used instead (with `GENERATE_TEXT_BASED_STUBS` build setting, or `tapi` tool)
ld: warning: Support for dylib stub (MH_DYLIB_STUB) file '/Users/macbookpro/leopard-webkit-build/sdk/MacOSX-SDKs/MacOSX10.6.sdk/System/Library/Frameworks/Foundation.framework/Versions/C/Foundation' is deprecated, text-based stubs should be used instead (with `GENERATE_TEXT_BASED_STUBS` build setting, or `tapi` tool)
ld: warning: Support for dylib stub (MH_DYLIB_STUB) file '/Users/macbookpro/leopard-webkit-build/sdk/MacOSX-SDKs/MacOSX10.6.sdk/System/Library/Frameworks/ApplicationServices.framework/Frameworks/ColorSync.framework/Versions/A/ColorSync' is deprecated, text-based stubs should be used instead (with `GENERATE_TEXT_BASED_STUBS` build setting, or `tapi` tool)
ld: warning: Support for dylib stub (MH_DYLIB_STUB) file '/Users/macbookpro/leopard-webkit-build/sdk/MacOSX-SDKs/MacOSX10.6.sdk/System/Library/Frameworks/Accelerate.framework/Versions/A/Frameworks/vecLib.framework/Versions/A/libvMisc.dylib' is deprecated, text-based stubs should be used instead (with `GENERATE_TEXT_BASED_STUBS` build setting, or `tapi` tool)
ld: warning: Support for dylib stub (MH_DYLIB_STUB) file '/Users/macbookpro/leopard-webkit-build/sdk/MacOSX-SDKs/MacOSX10.6.sdk/System/Library/Frameworks/QuickLook.framework/Versions/A/QuickLook' is deprecated, text-based stubs should be used instead (with `GENERATE_TEXT_BASED_STUBS` build setting, or `tapi` tool)
ld: warning: object file (/Users/macbookpro/leopard-webkit-build/dist/icu/lib/libicuuc.a[3](putil.ao)) was built for newer 'macOS' version (26.0) than being linked (10.6)
ld: warning: object file (/Users/macbookpro/leopard-webkit-build/dist/icu/lib/libicuuc.a[4](umath.ao)) was built for newer 'macOS' version (26.0) than being linked (10.6)
ld: warning: object file (/Users/macbookpro/leopard-webkit-build/dist/icu/lib/libicuuc.a[6](uinvchar.ao)) was built for newer 'macOS' version (26.0) than being linked (10.6)
ld: warning: object file (/Users/macbookpro/leopard-webkit-build/dist/icu/lib/libicuuc.a[7](umutex.ao)) was built for newer 'macOS' version (26.0) than being linked (10.6)
ld: warning: object file (/Users/macbookpro/leopard-webkit-build/dist/icu/lib/libicuuc.a[8](ucln_cmn.ao)) was built for newer 'macOS' version (26.0) than being linked (10.6)
ld: warning: object file (/Users/macbookpro/leopard-webkit-build/dist/icu/lib/libicuuc.a[10](uobject.ao)) was built for newer 'macOS' version (26.0) than being linked (10.6)
ld: warning: object file (/Users/macbookpro/leopard-webkit-build/dist/icu/lib/libicuuc.a[11](cmemory.ao)) was built for newer 'macOS' version (26.0) than being linked (10.6)
ld: warning: object file (/Users/macbookpro/leopard-webkit-build/dist/icu/lib/libicuuc.a[12](charstr.ao)) was built for newer 'macOS' version (26.0) than being linked (10.6)
ld: warning: object file (/Users/macbookpro/leopard-webkit-build/dist/icu/lib/libicuuc.a[14](udata.ao)) was built for newer 'macOS' version (26.0) than being linked (10.6)
ld: warning: object file (/Users/macbookpro/leopard-webkit-build/dist/icu/lib/libicuuc.a[15](ucmndata.ao)) was built for newer 'macOS' version (26.0) than being linked (10.6)
ld: warning: object file (/Users/macbookpro/leopard-webkit-build/dist/icu/lib/libicuuc.a[16](udatamem.ao)) was built for newer 'macOS' version (26.0) than being linked (10.6)
ld: warning: object file (/Users/macbookpro/leopard-webkit-build/dist/icu/lib/libicuuc.a[17](umapfile.ao)) was built for newer 'macOS' version (26.0) than being linked (10.6)
ld: warning: object file (/Users/macbookpro/leopard-webkit-build/dist/icu/lib/libicuuc.a[18](udataswp.ao)) was built for newer 'macOS' version (26.0) than being linked (10.6)
ld: warning: object file (/Users/macbookpro/leopard-webkit-build/dist/icu/lib/libicuuc.a[19](ucol_swp.ao)) was built for newer 'macOS' version (26.0) than being linked (10.6)
ld: warning: object file (/Users/macbookpro/leopard-webkit-build/dist/icu/lib/libicuuc.a[20](utrace.ao)) was built for newer 'macOS' version (26.0) than being linked (10.6)
ld: warning: object file (/Users/macbookpro/leopard-webkit-build/dist/icu/lib/libicuuc.a[21](uhash.ao)) was built for newer 'macOS' version (26.0) than being linked (10.6)
ld: warning: object file (/Users/macbookpro/leopard-webkit-build/dist/icu/lib/libicuuc.a[22](uhash_us.ao)) was built for newer 'macOS' version (26.0) than being linked (10.6)
ld: warning: object file (/Users/macbookpro/leopard-webkit-build/dist/icu/lib/libicuuc.a[23](uenum.ao)) was built for newer 'macOS' version (26.0) than being linked (10.6)
ld: warning: object file (/Users/macbookpro/leopard-webkit-build/dist/icu/lib/libicuuc.a[24](ustrenum.ao)) was built for newer 'macOS' version (26.0) than being linked (10.6)
ld: warning: object file (/Users/macbookpro/leopard-webkit-build/dist/icu/lib/libicuuc.a[25](uvector.ao)) was built for newer 'macOS' version (26.0) than being linked (10.6)
ld: warning: object file (/Users/macbookpro/leopard-webkit-build/dist/icu/lib/libicuuc.a[26](ustack.ao)) was built for newer 'macOS' version (26.0) than being linked (10.6)
ld: warning: object file (/Users/macbookpro/leopard-webkit-build/dist/icu/lib/libicuuc.a[27](uvectr32.ao)) was built for newer 'macOS' version (26.0) than being linked (10.6)
ld: warning: object file (/Users/macbookpro/leopard-webkit-build/dist/icu/lib/libicuuc.a[28](uvectr64.ao)) was built for newer 'macOS' version (26.0) than being linked (10.6)
ld: warning: object file (/Users/macbookpro/leopard-webkit-build/dist/icu/lib/libicuuc.a[29](ucnv.ao)) was built for newer 'macOS' version (26.0) than being linked (10.6)
ld: warning: object file (/Users/macbookpro/leopard-webkit-build/dist/icu/lib/libicuuc.a[30](ucnv_bld.ao)) was built for newer 'macOS' version (26.0) than being linked (10.6)
ld: warning: object file (/Users/macbookpro/leopard-webkit-build/dist/icu/lib/libicuuc.a[31](ucnv_cnv.ao)) was built for newer 'macOS' version (26.0) than being linked (10.6)
ld: warning: object file (/Users/macbookpro/leopard-webkit-build/dist/icu/lib/libicuuc.a[32](ucnv_io.ao)) was built for newer 'macOS' version (26.0) than being linked (10.6)
ld: warning: object file (/Users/macbookpro/leopard-webkit-build/dist/icu/lib/libicuuc.a[33](ucnv_cb.ao)) was built for newer 'macOS' version (26.0) than being linked (10.6)
ld: warning: object file (/Users/macbookpro/leopard-webkit-build/dist/icu/lib/libicuuc.a[34](ucnv_err.ao)) was built for newer 'macOS' version (26.0) than being linked (10.6)
ld: warning: object file (/Users/macbookpro/leopard-webkit-build/dist/icu/lib/libicuuc.a[35](ucnvlat1.ao)) was built for newer 'macOS' version (26.0) than being linked (10.6)
ld: warning: object file (/Users/macbookpro/leopard-webkit-build/dist/icu/lib/libicuuc.a[36](ucnv_u7.ao)) was built for newer 'macOS' version (26.0) than being linked (10.6)
ld: warning: object file (/Users/macbookpro/leopard-webkit-build/dist/icu/lib/libicuuc.a[37](ucnv_u8.ao)) was built for newer 'macOS' version (26.0) than being linked (10.6)
ld: warning: object file (/Users/macbookpro/leopard-webkit-build/dist/icu/lib/libicuuc.a[38](ucnv_u16.ao)) was built for newer 'macOS' version (26.0) than being linked (10.6)
ld: warning: object file (/Users/macbookpro/leopard-webkit-build/dist/icu/lib/libicuuc.a[39](ucnv_u32.ao)) was built for newer 'macOS' version (26.0) than being linked (10.6)
ld: warning: object file (/Users/macbookpro/leopard-webkit-build/dist/icu/lib/libicuuc.a[40](ucnvscsu.ao)) was built for newer 'macOS' version (26.0) than being linked (10.6)
ld: warning: object file (/Users/macbookpro/leopard-webkit-build/dist/icu/lib/libicuuc.a[41](ucnvbocu.ao)) was built for newer 'macOS' version (26.0) than being linked (10.6)
ld: warning: object file (/Users/macbookpro/leopard-webkit-build/dist/icu/lib/libicuuc.a[42](ucnv_ext.ao)) was built for newer 'macOS' version (26.0) than being linked (10.6)
ld: warning: object file (/Users/macbookpro/leopard-webkit-build/dist/icu/lib/libicuuc.a[43](ucnvmbcs.ao)) was built for newer 'macOS' version (26.0) than being linked (10.6)
ld: warning: object file (/Users/macbookpro/leopard-webkit-build/dist/icu/lib/libicuuc.a[44](ucnv2022.ao)) was built for newer 'macOS' version (26.0) than being linked (10.6)
ld: warning: object file (/Users/macbookpro/leopard-webkit-build/dist/icu/lib/libicuuc.a[45](ucnvhz.ao)) was built for newer 'macOS' version (26.0) than being linked (10.6)
ld: warning: object file (/Users/macbookpro/leopard-webkit-build/dist/icu/lib/libicuuc.a[46](ucnv_lmb.ao)) was built for newer 'macOS' version (26.0) than being linked (10.6)
ld: warning: object file (/Users/macbookpro/leopard-webkit-build/dist/icu/lib/libicuuc.a[47](ucnvisci.ao)) was built for newer 'macOS' version (26.0) than being linked (10.6)
ld: warning: object file (/Users/macbookpro/leopard-webkit-build/dist/icu/lib/libicuuc.a[50](ucnv_ct.ao)) was built for newer 'macOS' version (26.0) than being linked (10.6)
ld: warning: object file (/Users/macbookpro/leopard-webkit-build/dist/icu/lib/libicuuc.a[51](resource.ao)) was built for newer 'macOS' version (26.0) than being linked (10.6)
ld: warning: object file (/Users/macbookpro/leopard-webkit-build/dist/icu/lib/libicuuc.a[52](uresbund.ao)) was built for newer 'macOS' version (26.0) than being linked (10.6)
ld: warning: object file (/Users/macbookpro/leopard-webkit-build/dist/icu/lib/libicuuc.a[54](uresdata.ao)) was built for newer 'macOS' version (26.0) than being linked (10.6)
ld: warning: object file (/Users/macbookpro/leopard-webkit-build/dist/icu/lib/libicuuc.a[55](resbund.ao)) was built for newer 'macOS' version (26.0) than being linked (10.6)
ld: warning: object file (/Users/macbookpro/leopard-webkit-build/dist/icu/lib/libicuuc.a[60](locmap.ao)) was built for newer 'macOS' version (26.0) than being linked (10.6)
ld: warning: object file (/Users/macbookpro/leopard-webkit-build/dist/icu/lib/libicuuc.a[61](uloc.ao)) was built for newer 'macOS' version (26.0) than being linked (10.6)
ld: warning: object file (/Users/macbookpro/leopard-webkit-build/dist/icu/lib/libicuuc.a[62](locid.ao)) was built for newer 'macOS' version (26.0) than being linked (10.6)
ld: warning: object file (/Users/macbookpro/leopard-webkit-build/dist/icu/lib/libicuuc.a[63](locutil.ao)) was built for newer 'macOS' version (26.0) than being linked (10.6)
ld: warning: object file (/Users/macbookpro/leopard-webkit-build/dist/icu/lib/libicuuc.a[64](locavailable.ao)) was built for newer 'macOS' version (26.0) than being linked (10.6)
ld: warning: object file (/Users/macbookpro/leopard-webkit-build/dist/icu/lib/libicuuc.a[65](locdispnames.ao)) was built for newer 'macOS' version (26.0) than being linked (10.6)
ld: warning: object file (/Users/macbookpro/leopard-webkit-build/dist/icu/lib/libicuuc.a[68](locresdata.ao)) was built for newer 'macOS' version (26.0) than being linked (10.6)
ld: warning: object file (/Users/macbookpro/leopard-webkit-build/dist/icu/lib/libicuuc.a[69](bytestream.ao)) was built for newer 'macOS' version (26.0) than being linked (10.6)
ld: warning: object file (/Users/macbookpro/leopard-webkit-build/dist/icu/lib/libicuuc.a[70](stringpiece.ao)) was built for newer 'macOS' version (26.0) than being linked (10.6)
ld: warning: object file (/Users/macbookpro/leopard-webkit-build/dist/icu/lib/libicuuc.a[71](bytesinkutil.ao)) was built for newer 'macOS' version (26.0) than being linked (10.6)
ld: warning: object file (/Users/macbookpro/leopard-webkit-build/dist/icu/lib/libicuuc.a[72](stringtriebuilder.ao)) was built for newer 'macOS' version (26.0) than being linked (10.6)
ld: warning: object file (/Users/macbookpro/leopard-webkit-build/dist/icu/lib/libicuuc.a[74](bytestrie.ao)) was built for newer 'macOS' version (26.0) than being linked (10.6)
ld: warning: object file (/Users/macbookpro/leopard-webkit-build/dist/icu/lib/libicuuc.a[76](ucharstrie.ao)) was built for newer 'macOS' version (26.0) than being linked (10.6)
ld: warning: object file (/Users/macbookpro/leopard-webkit-build/dist/icu/lib/libicuuc.a[77](ucharstriebuilder.ao)) was built for newer 'macOS' version (26.0) than being linked (10.6)
ld: warning: object file (/Users/macbookpro/leopard-webkit-build/dist/icu/lib/libicuuc.a[78](ucharstrieiterator.ao)) was built for newer 'macOS' version (26.0) than being linked (10.6)
ld: warning: object file (/Users/macbookpro/leopard-webkit-build/dist/icu/lib/libicuuc.a[79](dictionarydata.ao)) was built for newer 'macOS' version (26.0) than being linked (10.6)
ld: warning: object file (/Users/macbookpro/leopard-webkit-build/dist/icu/lib/libicuuc.a[80](edits.ao)) was built for newer 'macOS' version (26.0) than being linked (10.6)
ld: warning: object file (/Users/macbookpro/leopard-webkit-build/dist/icu/lib/libicuuc.a[81](appendable.ao)) was built for newer 'macOS' version (26.0) than being linked (10.6)
ld: warning: object file (/Users/macbookpro/leopard-webkit-build/dist/icu/lib/libicuuc.a[82](ustr_cnv.ao)) was built for newer 'macOS' version (26.0) than being linked (10.6)
ld: warning: object file (/Users/macbookpro/leopard-webkit-build/dist/icu/lib/libicuuc.a[84](unistr.ao)) was built for newer 'macOS' version (26.0) than being linked (10.6)
ld: warning: object file (/Users/macbookpro/leopard-webkit-build/dist/icu/lib/libicuuc.a[85](unistr_case.ao)) was built for newer 'macOS' version (26.0) than being linked (10.6)
ld: warning: object file (/Users/macbookpro/leopard-webkit-build/dist/icu/lib/libicuuc.a[87](utf_impl.ao)) was built for newer 'macOS' version (26.0) than being linked (10.6)
ld: warning: object file (/Users/macbookpro/leopard-webkit-build/dist/icu/lib/libicuuc.a[88](ustring.ao)) was built for newer 'macOS' version (26.0) than being linked (10.6)
ld: warning: object file (/Users/macbookpro/leopard-webkit-build/dist/icu/lib/libicuuc.a[89](ustrcase.ao)) was built for newer 'macOS' version (26.0) than being linked (10.6)
ld: warning: object file (/Users/macbookpro/leopard-webkit-build/dist/icu/lib/libicuuc.a[92](cstring.ao)) was built for newer 'macOS' version (26.0) than being linked (10.6)
ld: warning: object file (/Users/macbookpro/leopard-webkit-build/dist/icu/lib/libicuuc.a[93](ustrfmt.ao)) was built for newer 'macOS' version (26.0) than being linked (10.6)
ld: warning: object file (/Users/macbookpro/leopard-webkit-build/dist/icu/lib/libicuuc.a[94](ustrtrns.ao)) was built for newer 'macOS' version (26.0) than being linked (10.6)
ld: warning: object file (/Users/macbookpro/leopard-webkit-build/dist/icu/lib/libicuuc.a[96](utext.ao)) was built for newer 'macOS' version (26.0) than being linked (10.6)
ld: warning: object file (/Users/macbookpro/leopard-webkit-build/dist/icu/lib/libicuuc.a[101](normalizer2impl.ao)) was built for newer 'macOS' version (26.0) than being linked (10.6)
ld: warning: object file (/Users/macbookpro/leopard-webkit-build/dist/icu/lib/libicuuc.a[102](normalizer2.ao)) was built for newer 'macOS' version (26.0) than being linked (10.6)
ld: warning: object file (/Users/macbookpro/leopard-webkit-build/dist/icu/lib/libicuuc.a[107](loadednormalizer2impl.ao)) was built for newer 'macOS' version (26.0) than being linked (10.6)
ld: warning: object file (/Users/macbookpro/leopard-webkit-build/dist/icu/lib/libicuuc.a[108](chariter.ao)) was built for newer 'macOS' version (26.0) than being linked (10.6)
ld: warning: object file (/Users/macbookpro/leopard-webkit-build/dist/icu/lib/libicuuc.a[109](schriter.ao)) was built for newer 'macOS' version (26.0) than being linked (10.6)
ld: warning: object file (/Users/macbookpro/leopard-webkit-build/dist/icu/lib/libicuuc.a[110](uchriter.ao)) was built for newer 'macOS' version (26.0) than being linked (10.6)
ld: warning: object file (/Users/macbookpro/leopard-webkit-build/dist/icu/lib/libicuuc.a[111](uiter.ao)) was built for newer 'macOS' version (26.0) than being linked (10.6)
ld: warning: object file (/Users/macbookpro/leopard-webkit-build/dist/icu/lib/libicuuc.a[112](patternprops.ao)) was built for newer 'macOS' version (26.0) than being linked (10.6)
ld: warning: object file (/Users/macbookpro/leopard-webkit-build/dist/icu/lib/libicuuc.a[113](uchar.ao)) was built for newer 'macOS' version (26.0) than being linked (10.6)
ld: warning: object file (/Users/macbookpro/leopard-webkit-build/dist/icu/lib/libicuuc.a[114](uprops.ao)) was built for newer 'macOS' version (26.0) than being linked (10.6)
ld: warning: object file (/Users/macbookpro/leopard-webkit-build/dist/icu/lib/libicuuc.a[115](ucase.ao)) was built for newer 'macOS' version (26.0) than being linked (10.6)
ld: warning: object file (/Users/macbookpro/leopard-webkit-build/dist/icu/lib/libicuuc.a[116](propname.ao)) was built for newer 'macOS' version (26.0) than being linked (10.6)
ld: warning: object file (/Users/macbookpro/leopard-webkit-build/dist/icu/lib/libicuuc.a[117](ubidi_props.ao)) was built for newer 'macOS' version (26.0) than being linked (10.6)
ld: warning: object file (/Users/macbookpro/leopard-webkit-build/dist/icu/lib/libicuuc.a[125](unames.ao)) was built for newer 'macOS' version (26.0) than being linked (10.6)
ld: warning: object file (/Users/macbookpro/leopard-webkit-build/dist/icu/lib/libicuuc.a[126](utrie.ao)) was built for newer 'macOS' version (26.0) than being linked (10.6)
ld: warning: object file (/Users/macbookpro/leopard-webkit-build/dist/icu/lib/libicuuc.a[127](utrie2.ao)) was built for newer 'macOS' version (26.0) than being linked (10.6)
ld: warning: object file (/Users/macbookpro/leopard-webkit-build/dist/icu/lib/libicuuc.a[128](utrie2_builder.ao)) was built for newer 'macOS' version (26.0) than being linked (10.6)
ld: warning: object file (/Users/macbookpro/leopard-webkit-build/dist/icu/lib/libicuuc.a[129](bmpset.ao)) was built for newer 'macOS' version (26.0) than being linked (10.6)
ld: warning: object file (/Users/macbookpro/leopard-webkit-build/dist/icu/lib/libicuuc.a[130](unisetspan.ao)) was built for newer 'macOS' version (26.0) than being linked (10.6)
ld: warning: object file (/Users/macbookpro/leopard-webkit-build/dist/icu/lib/libicuuc.a[132](uniset_props.ao)) was built for newer 'macOS' version (26.0) than being linked (10.6)
ld: warning: object file (/Users/macbookpro/leopard-webkit-build/dist/icu/lib/libicuuc.a[134](uset.ao)) was built for newer 'macOS' version (26.0) than being linked (10.6)
ld: warning: object file (/Users/macbookpro/leopard-webkit-build/dist/icu/lib/libicuuc.a[135](uniset.ao)) was built for newer 'macOS' version (26.0) than being linked (10.6)
ld: warning: object file (/Users/macbookpro/leopard-webkit-build/dist/icu/lib/libicuuc.a[136](usetiter.ao)) was built for newer 'macOS' version (26.0) than being linked (10.6)
ld: warning: object file (/Users/macbookpro/leopard-webkit-build/dist/icu/lib/libicuuc.a[137](ruleiter.ao)) was built for newer 'macOS' version (26.0) than being linked (10.6)
ld: warning: object file (/Users/macbookpro/leopard-webkit-build/dist/icu/lib/libicuuc.a[139](unifilt.ao)) was built for newer 'macOS' version (26.0) than being linked (10.6)
ld: warning: object file (/Users/macbookpro/leopard-webkit-build/dist/icu/lib/libicuuc.a[140](unifunct.ao)) was built for newer 'macOS' version (26.0) than being linked (10.6)
ld: warning: object file (/Users/macbookpro/leopard-webkit-build/dist/icu/lib/libicuuc.a[141](uarrsort.ao)) was built for newer 'macOS' version (26.0) than being linked (10.6)
ld: warning: object file (/Users/macbookpro/leopard-webkit-build/dist/icu/lib/libicuuc.a[142](brkiter.ao)) was built for newer 'macOS' version (26.0) than being linked (10.6)
ld: warning: object file (/Users/macbookpro/leopard-webkit-build/dist/icu/lib/libicuuc.a[143](ubrk.ao)) was built for newer 'macOS' version (26.0) than being linked (10.6)
ld: warning: object file (/Users/macbookpro/leopard-webkit-build/dist/icu/lib/libicuuc.a[144](brkeng.ao)) was built for newer 'macOS' version (26.0) than being linked (10.6)
ld: warning: object file (/Users/macbookpro/leopard-webkit-build/dist/icu/lib/libicuuc.a[145](dictbe.ao)) was built for newer 'macOS' version (26.0) than being linked (10.6)
ld: warning: object file (/Users/macbookpro/leopard-webkit-build/dist/icu/lib/libicuuc.a[146](filteredbrk.ao)) was built for newer 'macOS' version (26.0) than being linked (10.6)
ld: warning: object file (/Users/macbookpro/leopard-webkit-build/dist/icu/lib/libicuuc.a[147](rbbi.ao)) was built for newer 'macOS' version (26.0) than being linked (10.6)
ld: warning: object file (/Users/macbookpro/leopard-webkit-build/dist/icu/lib/libicuuc.a[148](rbbidata.ao)) was built for newer 'macOS' version (26.0) than being linked (10.6)
ld: warning: object file (/Users/macbookpro/leopard-webkit-build/dist/icu/lib/libicuuc.a[149](rbbinode.ao)) was built for newer 'macOS' version (26.0) than being linked (10.6)
ld: warning: object file (/Users/macbookpro/leopard-webkit-build/dist/icu/lib/libicuuc.a[150](rbbirb.ao)) was built for newer 'macOS' version (26.0) than being linked (10.6)
ld: warning: object file (/Users/macbookpro/leopard-webkit-build/dist/icu/lib/libicuuc.a[151](rbbiscan.ao)) was built for newer 'macOS' version (26.0) than being linked (10.6)
ld: warning: object file (/Users/macbookpro/leopard-webkit-build/dist/icu/lib/libicuuc.a[152](rbbisetb.ao)) was built for newer 'macOS' version (26.0) than being linked (10.6)
ld: warning: object file (/Users/macbookpro/leopard-webkit-build/dist/icu/lib/libicuuc.a[153](rbbistbl.ao)) was built for newer 'macOS' version (26.0) than being linked (10.6)
ld: warning: object file (/Users/macbookpro/leopard-webkit-build/dist/icu/lib/libicuuc.a[154](rbbitblb.ao)) was built for newer 'macOS' version (26.0) than being linked (10.6)
ld: warning: object file (/Users/macbookpro/leopard-webkit-build/dist/icu/lib/libicuuc.a[155](rbbi_cache.ao)) was built for newer 'macOS' version (26.0) than being linked (10.6)
ld: warning: object file (/Users/macbookpro/leopard-webkit-build/dist/icu/lib/libicuuc.a[156](serv.ao)) was built for newer 'macOS' version (26.0) than being linked (10.6)
ld: warning: object file (/Users/macbookpro/leopard-webkit-build/dist/icu/lib/libicuuc.a[157](servnotf.ao)) was built for newer 'macOS' version (26.0) than being linked (10.6)
ld: warning: object file (/Users/macbookpro/leopard-webkit-build/dist/icu/lib/libicuuc.a[158](servls.ao)) was built for newer 'macOS' version (26.0) than being linked (10.6)
ld: warning: object file (/Users/macbookpro/leopard-webkit-build/dist/icu/lib/libicuuc.a[159](servlk.ao)) was built for newer 'macOS' version (26.0) than being linked (10.6)
ld: warning: object file (/Users/macbookpro/leopard-webkit-build/dist/icu/lib/libicuuc.a[160](servlkf.ao)) was built for newer 'macOS' version (26.0) than being linked (10.6)
ld: warning: object file (/Users/macbookpro/leopard-webkit-build/dist/icu/lib/libicuuc.a[161](servrbf.ao)) was built for newer 'macOS' version (26.0) than being linked (10.6)
ld: warning: object file (/Users/macbookpro/leopard-webkit-build/dist/icu/lib/libicuuc.a[162](servslkf.ao)) was built for newer 'macOS' version (26.0) than being linked (10.6)
ld: warning: object file (/Users/macbookpro/leopard-webkit-build/dist/icu/lib/libicuuc.a[167](util.ao)) was built for newer 'macOS' version (26.0) than being linked (10.6)
ld: warning: object file (/Users/macbookpro/leopard-webkit-build/dist/icu/lib/libicuuc.a[169](parsepos.ao)) was built for newer 'macOS' version (26.0) than being linked (10.6)
ld: warning: object file (/Users/macbookpro/leopard-webkit-build/dist/icu/lib/libicuuc.a[170](locbased.ao)) was built for newer 'macOS' version (26.0) than being linked (10.6)
ld: warning: object file (/Users/macbookpro/leopard-webkit-build/dist/icu/lib/libicuuc.a[176](ulist.ao)) was built for newer 'macOS' version (26.0) than being linked (10.6)
ld: warning: object file (/Users/macbookpro/leopard-webkit-build/dist/icu/lib/libicuuc.a[177](uloc_tag.ao)) was built for newer 'macOS' version (26.0) than being linked (10.6)
ld: warning: object file (/Users/macbookpro/leopard-webkit-build/dist/icu/lib/libicuuc.a[182](sharedobject.ao)) was built for newer 'macOS' version (26.0) than being linked (10.6)
ld: warning: object file (/Users/macbookpro/leopard-webkit-build/dist/icu/lib/libicuuc.a[184](unifiedcache.ao)) was built for newer 'macOS' version (26.0) than being linked (10.6)
ld: warning: object file (/Users/macbookpro/leopard-webkit-build/dist/icu/lib/libicuuc.a[185](uloc_keytype.ao)) was built for newer 'macOS' version (26.0) than being linked (10.6)
ld: warning: object file (/Users/macbookpro/leopard-webkit-build/dist/icu/lib/libicui18n.a[2](ucln_in.ao)) was built for newer 'macOS' version (26.0) than being linked (10.6)
ld: warning: object file (/Users/macbookpro/leopard-webkit-build/dist/icu/lib/libicui18n.a[26](ucsdet.ao)) was built for newer 'macOS' version (26.0) than being linked (10.6)
ld: warning: object file (/Users/macbookpro/leopard-webkit-build/dist/icu/lib/libicui18n.a[47](coleitr.ao)) was built for newer 'macOS' version (26.0) than being linked (10.6)
ld: warning: object file (/Users/macbookpro/leopard-webkit-build/dist/icu/lib/libicui18n.a[48](coll.ao)) was built for newer 'macOS' version (26.0) than being linked (10.6)
ld: warning: object file (/Users/macbookpro/leopard-webkit-build/dist/icu/lib/libicui18n.a[49](sortkey.ao)) was built for newer 'macOS' version (26.0) than being linked (10.6)
ld: warning: object file (/Users/macbookpro/leopard-webkit-build/dist/icu/lib/libicui18n.a[50](bocsu.ao)) was built for newer 'macOS' version (26.0) than being linked (10.6)
ld: warning: object file (/Users/macbookpro/leopard-webkit-build/dist/icu/lib/libicui18n.a[51](ucoleitr.ao)) was built for newer 'macOS' version (26.0) than being linked (10.6)
ld: warning: object file (/Users/macbookpro/leopard-webkit-build/dist/icu/lib/libicui18n.a[52](ucol.ao)) was built for newer 'macOS' version (26.0) than being linked (10.6)
ld: warning: object file (/Users/macbookpro/leopard-webkit-build/dist/icu/lib/libicui18n.a[53](ucol_res.ao)) was built for newer 'macOS' version (26.0) than being linked (10.6)
ld: warning: object file (/Users/macbookpro/leopard-webkit-build/dist/icu/lib/libicui18n.a[55](collation.ao)) was built for newer 'macOS' version (26.0) than being linked (10.6)
ld: warning: object file (/Users/macbookpro/leopard-webkit-build/dist/icu/lib/libicui18n.a[56](collationsettings.ao)) was built for newer 'macOS' version (26.0) than being linked (10.6)
ld: warning: object file (/Users/macbookpro/leopard-webkit-build/dist/icu/lib/libicui18n.a[57](collationdata.ao)) was built for newer 'macOS' version (26.0) than being linked (10.6)
ld: warning: object file (/Users/macbookpro/leopard-webkit-build/dist/icu/lib/libicui18n.a[58](collationtailoring.ao)) was built for newer 'macOS' version (26.0) than being linked (10.6)
ld: warning: object file (/Users/macbookpro/leopard-webkit-build/dist/icu/lib/libicui18n.a[59](collationdatareader.ao)) was built for newer 'macOS' version (26.0) than being linked (10.6)
ld: warning: object file (/Users/macbookpro/leopard-webkit-build/dist/icu/lib/libicui18n.a[60](collationdatawriter.ao)) was built for newer 'macOS' version (26.0) than being linked (10.6)
ld: warning: object file (/Users/macbookpro/leopard-webkit-build/dist/icu/lib/libicui18n.a[61](collationfcd.ao)) was built for newer 'macOS' version (26.0) than being linked (10.6)
ld: warning: object file (/Users/macbookpro/leopard-webkit-build/dist/icu/lib/libicui18n.a[62](collationiterator.ao)) was built for newer 'macOS' version (26.0) than being linked (10.6)
ld: warning: object file (/Users/macbookpro/leopard-webkit-build/dist/icu/lib/libicui18n.a[63](utf16collationiterator.ao)) was built for newer 'macOS' version (26.0) than being linked (10.6)
ld: warning: object file (/Users/macbookpro/leopard-webkit-build/dist/icu/lib/libicui18n.a[64](utf8collationiterator.ao)) was built for newer 'macOS' version (26.0) than being linked (10.6)
ld: warning: object file (/Users/macbookpro/leopard-webkit-build/dist/icu/lib/libicui18n.a[65](uitercollationiterator.ao)) was built for newer 'macOS' version (26.0) than being linked (10.6)
ld: warning: object file (/Users/macbookpro/leopard-webkit-build/dist/icu/lib/libicui18n.a[66](collationsets.ao)) was built for newer 'macOS' version (26.0) than being linked (10.6)
ld: warning: object file (/Users/macbookpro/leopard-webkit-build/dist/icu/lib/libicui18n.a[67](collationcompare.ao)) was built for newer 'macOS' version (26.0) than being linked (10.6)
ld: warning: object file (/Users/macbookpro/leopard-webkit-build/dist/icu/lib/libicui18n.a[68](collationfastlatin.ao)) was built for newer 'macOS' version (26.0) than being linked (10.6)
ld: warning: object file (/Users/macbookpro/leopard-webkit-build/dist/icu/lib/libicui18n.a[69](collationkeys.ao)) was built for newer 'macOS' version (26.0) than being linked (10.6)
ld: warning: object file (/Users/macbookpro/leopard-webkit-build/dist/icu/lib/libicui18n.a[70](rulebasedcollator.ao)) was built for newer 'macOS' version (26.0) than being linked (10.6)
ld: warning: object file (/Users/macbookpro/leopard-webkit-build/dist/icu/lib/libicui18n.a[71](collationroot.ao)) was built for newer 'macOS' version (26.0) than being linked (10.6)
ld: warning: object file (/Users/macbookpro/leopard-webkit-build/dist/icu/lib/libicui18n.a[79](usearch.ao)) was built for newer 'macOS' version (26.0) than being linked (10.6)
ld: warning: object file (/Users/macbookpro/leopard-webkit-build/dist/icu/lib/libicui18n.a[123](csdetect.ao)) was built for newer 'macOS' version (26.0) than being linked (10.6)
ld: warning: object file (/Users/macbookpro/leopard-webkit-build/dist/icu/lib/libicui18n.a[124](csmatch.ao)) was built for newer 'macOS' version (26.0) than being linked (10.6)
ld: warning: object file (/Users/macbookpro/leopard-webkit-build/dist/icu/lib/libicui18n.a[125](csr2022.ao)) was built for newer 'macOS' version (26.0) than being linked (10.6)
ld: warning: object file (/Users/macbookpro/leopard-webkit-build/dist/icu/lib/libicui18n.a[126](csrecog.ao)) was built for newer 'macOS' version (26.0) than being linked (10.6)
ld: warning: object file (/Users/macbookpro/leopard-webkit-build/dist/icu/lib/libicui18n.a[127](csrmbcs.ao)) was built for newer 'macOS' version (26.0) than being linked (10.6)
ld: warning: object file (/Users/macbookpro/leopard-webkit-build/dist/icu/lib/libicui18n.a[128](csrsbcs.ao)) was built for newer 'macOS' version (26.0) than being linked (10.6)
ld: warning: object file (/Users/macbookpro/leopard-webkit-build/dist/icu/lib/libicui18n.a[129](csrucode.ao)) was built for newer 'macOS' version (26.0) than being linked (10.6)
ld: warning: object file (/Users/macbookpro/leopard-webkit-build/dist/icu/lib/libicui18n.a[130](csrutf8.ao)) was built for newer 'macOS' version (26.0) than being linked (10.6)
ld: warning: object file (/Users/macbookpro/leopard-webkit-build/dist/icu/lib/libicui18n.a[131](inputext.ao)) was built for newer 'macOS' version (26.0) than being linked (10.6)
ld: warning: object file (/Users/macbookpro/leopard-webkit-build/dist/icu/lib/libicudata.a[2](icudt62l_dat.o)) was built for newer 'macOS' version (26.0) than being linked (10.6)
ld: warning: building for macOS-10.6, but linking with dylib '/usr/lib/libxml2.2.dylib' which was built for newer version 10.7
ld: warning: building for macOS-10.6, but linking with dylib '/usr/lib/libxml2.2.dylib' which was built for newer version 10.7
ld: warning: object file (/Applications/Xcode.app/Contents/Developer/Toolchains/XcodeDefault.xctoolchain/usr/lib/clang/21/lib/darwin/libclang_rt.osx.a[x86_64][67](os_version_check.c.o)) was built for newer 'macOS' version (10.7) than being linked (10.6)
ld: warning: object file (/Applications/Xcode.app/Contents/Developer/Toolchains/XcodeDefault.xctoolchain/usr/lib/clang/21/lib/darwin/libclang_rt.osx.a[x86_64][142](chkstk_darwin.S.o)) was built for newer 'macOS' version (10.7) than being linked (10.6)
ld: warning: object file (/Applications/Xcode.app/Contents/Developer/Toolchains/XcodeDefault.xctoolchain/usr/lib/clang/21/lib/darwin/libclang_rt.osx.a[x86_64][143](chkstk_darwin2.S.o)) was built for newer 'macOS' version (10.7) than being linked (10.6)
[5/5] Linking CXX shared library lib/WebKitLegacy.framework/Versions/A/WebKitLegacy
ld: warning: Support for dylib stub (MH_DYLIB_STUB) file '/Users/macbookpro/leopard-webkit-build/sdk/MacOSX-SDKs/MacOSX10.6.sdk/usr/lib/libicucore.dylib' is deprecated, text-based stubs should be used instead (with `GENERATE_TEXT_BASED_STUBS` build setting, or `tapi` tool)
ld: warning: Support for dylib stub (MH_DYLIB_STUB) file '/Users/macbookpro/leopard-webkit-build/sdk/MacOSX-SDKs/MacOSX10.6.sdk/usr/lib/libicucore.dylib' is deprecated, text-based stubs should be used instead (with `GENERATE_TEXT_BASED_STUBS` build setting, or `tapi` tool)
ld: warning: Support for dylib stub (MH_DYLIB_STUB) file '/Users/macbookpro/leopard-webkit-build/sdk/MacOSX-SDKs/MacOSX10.6.sdk/usr/lib/libicucore.dylib' is deprecated, text-based stubs should be used instead (with `GENERATE_TEXT_BASED_STUBS` build setting, or `tapi` tool)
ld: warning: Support for dylib stub (MH_DYLIB_STUB) file '/Users/macbookpro/leopard-webkit-build/sdk/MacOSX-SDKs/MacOSX10.6.sdk/usr/lib/libreadline.dylib' is deprecated, text-based stubs should be used instead (with `GENERATE_TEXT_BASED_STUBS` build setting, or `tapi` tool)
ld: warning: Support for dylib stub (MH_DYLIB_STUB) file '/Users/macbookpro/leopard-webkit-build/sdk/MacOSX-SDKs/MacOSX10.6.sdk/usr/lib/libsqlite3.dylib' is deprecated, text-based stubs should be used instead (with `GENERATE_TEXT_BASED_STUBS` build setting, or `tapi` tool)
ld: warning: Support for dylib stub (MH_DYLIB_STUB) file '/Users/macbookpro/leopard-webkit-build/sdk/MacOSX-SDKs/MacOSX10.6.sdk/usr/lib/libz.dylib' is deprecated, text-based stubs should be used instead (with `GENERATE_TEXT_BASED_STUBS` build setting, or `tapi` tool)
ld: warning: Support for dylib stub (MH_DYLIB_STUB) file '/Users/macbookpro/leopard-webkit-build/sdk/MacOSX-SDKs/MacOSX10.6.sdk/usr/lib/libxslt.1.dylib' is deprecated, text-based stubs should be used instead (with `GENERATE_TEXT_BASED_STUBS` build setting, or `tapi` tool)
ld: warning: Support for dylib stub (MH_DYLIB_STUB) file '/Users/macbookpro/leopard-webkit-build/sdk/MacOSX-SDKs/MacOSX10.6.sdk/usr/lib/libobjc.A.dylib' is deprecated, text-based stubs should be used instead (with `GENERATE_TEXT_BASED_STUBS` build setting, or `tapi` tool)
ld: warning: Support for dylib stub (MH_DYLIB_STUB) file '/Users/macbookpro/leopard-webkit-build/sdk/MacOSX-SDKs/MacOSX10.6.sdk/usr/lib/libSystem.dylib' is deprecated, text-based stubs should be used instead (with `GENERATE_TEXT_BASED_STUBS` build setting, or `tapi` tool)
ld: warning: Support for dylib stub (MH_DYLIB_STUB) file '/Users/macbookpro/leopard-webkit-build/sdk/MacOSX-SDKs/MacOSX10.6.sdk/System/Library/Frameworks/CoreFoundation.framework/CoreFoundation' is deprecated, text-based stubs should be used instead (with `GENERATE_TEXT_BASED_STUBS` build setting, or `tapi` tool)
ld: warning: Support for dylib stub (MH_DYLIB_STUB) file '/Users/macbookpro/leopard-webkit-build/sdk/MacOSX-SDKs/MacOSX10.6.sdk/System/Library/Frameworks/SecurityInterface.framework/SecurityInterface' is deprecated, text-based stubs should be used instead (with `GENERATE_TEXT_BASED_STUBS` build setting, or `tapi` tool)
ld: warning: Support for dylib stub (MH_DYLIB_STUB) file '/Users/macbookpro/leopard-webkit-build/sdk/MacOSX-SDKs/MacOSX10.6.sdk/System/Library/Frameworks/OpenGL.framework/OpenGL' is deprecated, text-based stubs should be used instead (with `GENERATE_TEXT_BASED_STUBS` build setting, or `tapi` tool)
ld: warning: Support for dylib stub (MH_DYLIB_STUB) file '/Users/macbookpro/leopard-webkit-build/sdk/MacOSX-SDKs/MacOSX10.6.sdk/System/Library/Frameworks/IOSurface.framework/IOSurface' is deprecated, text-based stubs should be used instead (with `GENERATE_TEXT_BASED_STUBS` build setting, or `tapi` tool)
ld: warning: Support for dylib stub (MH_DYLIB_STUB) file '/Users/macbookpro/leopard-webkit-build/sdk/MacOSX-SDKs/MacOSX10.6.sdk/System/Library/Frameworks/QuartzCore.framework/QuartzCore' is deprecated, text-based stubs should be used instead (with `GENERATE_TEXT_BASED_STUBS` build setting, or `tapi` tool)
ld: warning: Support for dylib stub (MH_DYLIB_STUB) file '/Users/macbookpro/leopard-webkit-build/sdk/MacOSX-SDKs/MacOSX10.6.sdk/System/Library/Frameworks/Cocoa.framework/Cocoa' is deprecated, text-based stubs should be used instead (with `GENERATE_TEXT_BASED_STUBS` build setting, or `tapi` tool)
ld: warning: Support for dylib stub (MH_DYLIB_STUB) file '/Users/macbookpro/leopard-webkit-build/sdk/MacOSX-SDKs/MacOSX10.6.sdk/System/Library/Frameworks/Accelerate.framework/Accelerate' is deprecated, text-based stubs should be used instead (with `GENERATE_TEXT_BASED_STUBS` build setting, or `tapi` tool)
ld: warning: Support for dylib stub (MH_DYLIB_STUB) file '/Users/macbookpro/leopard-webkit-build/sdk/MacOSX-SDKs/MacOSX10.6.sdk/System/Library/Frameworks/AudioToolbox.framework/AudioToolbox' is deprecated, text-based stubs should be used instead (with `GENERATE_TEXT_BASED_STUBS` build setting, or `tapi` tool)
ld: warning: Support for dylib stub (MH_DYLIB_STUB) file '/Users/macbookpro/leopard-webkit-build/sdk/MacOSX-SDKs/MacOSX10.6.sdk/System/Library/Frameworks/AudioUnit.framework/AudioUnit' is deprecated, text-based stubs should be used instead (with `GENERATE_TEXT_BASED_STUBS` build setting, or `tapi` tool)
ld: warning: Support for dylib stub (MH_DYLIB_STUB) file '/Users/macbookpro/leopard-webkit-build/sdk/MacOSX-SDKs/MacOSX10.6.sdk/System/Library/Frameworks/Carbon.framework/Carbon' is deprecated, text-based stubs should be used instead (with `GENERATE_TEXT_BASED_STUBS` build setting, or `tapi` tool)
ld: warning: Support for dylib stub (MH_DYLIB_STUB) file '/Users/macbookpro/leopard-webkit-build/sdk/MacOSX-SDKs/MacOSX10.6.sdk/System/Library/Frameworks/CoreAudio.framework/CoreAudio' is deprecated, text-based stubs should be used instead (with `GENERATE_TEXT_BASED_STUBS` build setting, or `tapi` tool)
ld: warning: Support for dylib stub (MH_DYLIB_STUB) file '/Users/macbookpro/leopard-webkit-build/sdk/MacOSX-SDKs/MacOSX10.6.sdk/System/Library/Frameworks/CoreServices.framework/CoreServices' is deprecated, text-based stubs should be used instead (with `GENERATE_TEXT_BASED_STUBS` build setting, or `tapi` tool)
ld: warning: Support for dylib stub (MH_DYLIB_STUB) file '/Users/macbookpro/leopard-webkit-build/sdk/MacOSX-SDKs/MacOSX10.6.sdk/System/Library/Frameworks/DiskArbitration.framework/DiskArbitration' is deprecated, text-based stubs should be used instead (with `GENERATE_TEXT_BASED_STUBS` build setting, or `tapi` tool)
ld: warning: Support for dylib stub (MH_DYLIB_STUB) file '/Users/macbookpro/leopard-webkit-build/sdk/MacOSX-SDKs/MacOSX10.6.sdk/System/Library/Frameworks/IOKit.framework/IOKit' is deprecated, text-based stubs should be used instead (with `GENERATE_TEXT_BASED_STUBS` build setting, or `tapi` tool)
ld: warning: Support for dylib stub (MH_DYLIB_STUB) file '/Users/macbookpro/leopard-webkit-build/sdk/MacOSX-SDKs/MacOSX10.6.sdk/System/Library/Frameworks/Quartz.framework/Quartz' is deprecated, text-based stubs should be used instead (with `GENERATE_TEXT_BASED_STUBS` build setting, or `tapi` tool)
ld: warning: Support for dylib stub (MH_DYLIB_STUB) file '/Users/macbookpro/leopard-webkit-build/sdk/MacOSX-SDKs/MacOSX10.6.sdk/System/Library/Frameworks/Security.framework/Security' is deprecated, text-based stubs should be used instead (with `GENERATE_TEXT_BASED_STUBS` build setting, or `tapi` tool)
ld: warning: Support for dylib stub (MH_DYLIB_STUB) file '/Users/macbookpro/leopard-webkit-build/sdk/MacOSX-SDKs/MacOSX10.6.sdk/System/Library/Frameworks/SystemConfiguration.framework/SystemConfiguration' is deprecated, text-based stubs should be used instead (with `GENERATE_TEXT_BASED_STUBS` build setting, or `tapi` tool)
ld: warning: Support for dylib stub (MH_DYLIB_STUB) file '/Users/macbookpro/leopard-webkit-build/sdk/MacOSX-SDKs/MacOSX10.6.sdk/System/Library/Frameworks/Accelerate.framework/Frameworks/vImage.framework/Versions/A/vImage' is deprecated, text-based stubs should be used instead (with `GENERATE_TEXT_BASED_STUBS` build setting, or `tapi` tool)
ld: warning: Support for dylib stub (MH_DYLIB_STUB) file '/Users/macbookpro/leopard-webkit-build/sdk/MacOSX-SDKs/MacOSX10.6.sdk/System/Library/Frameworks/Carbon.framework/Frameworks/Help.framework/Versions/A/Help' is deprecated, text-based stubs should be used instead (with `GENERATE_TEXT_BASED_STUBS` build setting, or `tapi` tool)
ld: warning: Support for dylib stub (MH_DYLIB_STUB) file '/Users/macbookpro/leopard-webkit-build/sdk/MacOSX-SDKs/MacOSX10.6.sdk/System/Library/Frameworks/Carbon.framework/Frameworks/OpenScripting.framework/Versions/A/OpenScripting' is deprecated, text-based stubs should be used instead (with `GENERATE_TEXT_BASED_STUBS` build setting, or `tapi` tool)
ld: warning: Support for dylib stub (MH_DYLIB_STUB) file '/Users/macbookpro/leopard-webkit-build/sdk/MacOSX-SDKs/MacOSX10.6.sdk/System/Library/Frameworks/Carbon.framework/Frameworks/Print.framework/Versions/A/Print' is deprecated, text-based stubs should be used instead (with `GENERATE_TEXT_BASED_STUBS` build setting, or `tapi` tool)
ld: warning: Support for dylib stub (MH_DYLIB_STUB) file '/Users/macbookpro/leopard-webkit-build/sdk/MacOSX-SDKs/MacOSX10.6.sdk/System/Library/Frameworks/Carbon.framework/Frameworks/SecurityHI.framework/Versions/A/SecurityHI' is deprecated, text-based stubs should be used instead (with `GENERATE_TEXT_BASED_STUBS` build setting, or `tapi` tool)
ld: warning: Support for dylib stub (MH_DYLIB_STUB) file '/Users/macbookpro/leopard-webkit-build/sdk/MacOSX-SDKs/MacOSX10.6.sdk/System/Library/Frameworks/Accelerate.framework/Versions/A/Frameworks/vecLib.framework/Versions/A/libvDSP.dylib' is deprecated, text-based stubs should be used instead (with `GENERATE_TEXT_BASED_STUBS` build setting, or `tapi` tool)
ld: warning: Support for dylib stub (MH_DYLIB_STUB) file '/Users/macbookpro/leopard-webkit-build/sdk/MacOSX-SDKs/MacOSX10.6.sdk/System/Library/Frameworks/Carbon.framework/Frameworks/SpeechRecognition.framework/Versions/A/SpeechRecognition' is deprecated, text-based stubs should be used instead (with `GENERATE_TEXT_BASED_STUBS` build setting, or `tapi` tool)
ld: warning: Support for dylib stub (MH_DYLIB_STUB) file '/Users/macbookpro/leopard-webkit-build/sdk/MacOSX-SDKs/MacOSX10.6.sdk/System/Library/Frameworks/ApplicationServices.framework/Versions/A/ApplicationServices' is deprecated, text-based stubs should be used instead (with `GENERATE_TEXT_BASED_STUBS` build setting, or `tapi` tool)
ld: warning: Support for dylib stub (MH_DYLIB_STUB) file '/Users/macbookpro/leopard-webkit-build/sdk/MacOSX-SDKs/MacOSX10.6.sdk/usr/lib/system/libmathCommon.A.dylib' is deprecated, text-based stubs should be used instead (with `GENERATE_TEXT_BASED_STUBS` build setting, or `tapi` tool)
ld: warning: Support for dylib stub (MH_DYLIB_STUB) file '/Users/macbookpro/leopard-webkit-build/sdk/MacOSX-SDKs/MacOSX10.6.sdk/System/Library/Frameworks/CoreServices.framework/Frameworks/CarbonCore.framework/Versions/A/CarbonCore' is deprecated, text-based stubs should be used instead (with `GENERATE_TEXT_BASED_STUBS` build setting, or `tapi` tool)
ld: warning: Support for dylib stub (MH_DYLIB_STUB) file '/Users/macbookpro/leopard-webkit-build/sdk/MacOSX-SDKs/MacOSX10.6.sdk/System/Library/Frameworks/CoreData.framework/Versions/A/CoreData' is deprecated, text-based stubs should be used instead (with `GENERATE_TEXT_BASED_STUBS` build setting, or `tapi` tool)
ld: warning: Support for dylib stub (MH_DYLIB_STUB) file '/Users/macbookpro/leopard-webkit-build/sdk/MacOSX-SDKs/MacOSX10.6.sdk/System/Library/Frameworks/AppKit.framework/Versions/C/AppKit' is deprecated, text-based stubs should be used instead (with `GENERATE_TEXT_BASED_STUBS` build setting, or `tapi` tool)
ld: warning: Support for dylib stub (MH_DYLIB_STUB) file '/Users/macbookpro/leopard-webkit-build/sdk/MacOSX-SDKs/MacOSX10.6.sdk/System/Library/Frameworks/CoreServices.framework/Frameworks/Metadata.framework/Versions/A/Metadata' is deprecated, text-based stubs should be used instead (with `GENERATE_TEXT_BASED_STUBS` build setting, or `tapi` tool)
ld: warning: Support for dylib stub (MH_DYLIB_STUB) file '/Users/macbookpro/leopard-webkit-build/sdk/MacOSX-SDKs/MacOSX10.6.sdk/System/Library/Frameworks/CoreServices.framework/Frameworks/OSServices.framework/Versions/A/OSServices' is deprecated, text-based stubs should be used instead (with `GENERATE_TEXT_BASED_STUBS` build setting, or `tapi` tool)
ld: warning: Support for dylib stub (MH_DYLIB_STUB) file '/Users/macbookpro/leopard-webkit-build/sdk/MacOSX-SDKs/MacOSX10.6.sdk/System/Library/Frameworks/CoreServices.framework/Frameworks/SearchKit.framework/Versions/A/SearchKit' is deprecated, text-based stubs should be used instead (with `GENERATE_TEXT_BASED_STUBS` build setting, or `tapi` tool)
ld: warning: Support for dylib stub (MH_DYLIB_STUB) file '/Users/macbookpro/leopard-webkit-build/sdk/MacOSX-SDKs/MacOSX10.6.sdk/System/Library/Frameworks/CoreServices.framework/Frameworks/AE.framework/Versions/A/AE' is deprecated, text-based stubs should be used instead (with `GENERATE_TEXT_BASED_STUBS` build setting, or `tapi` tool)
ld: warning: Support for dylib stub (MH_DYLIB_STUB) file '/Users/macbookpro/leopard-webkit-build/sdk/MacOSX-SDKs/MacOSX10.6.sdk/System/Library/Frameworks/CoreServices.framework/Frameworks/DictionaryServices.framework/Versions/A/DictionaryServices' is deprecated, text-based stubs should be used instead (with `GENERATE_TEXT_BASED_STUBS` build setting, or `tapi` tool)
ld: warning: Support for dylib stub (MH_DYLIB_STUB) file '/Users/macbookpro/leopard-webkit-build/sdk/MacOSX-SDKs/MacOSX10.6.sdk/System/Library/Frameworks/OpenGL.framework/Versions/A/Libraries/libGLU.dylib' is deprecated, text-based stubs should be used instead (with `GENERATE_TEXT_BASED_STUBS` build setting, or `tapi` tool)
ld: warning: Support for dylib stub (MH_DYLIB_STUB) file '/Users/macbookpro/leopard-webkit-build/sdk/MacOSX-SDKs/MacOSX10.6.sdk/System/Library/Frameworks/CoreServices.framework/Frameworks/LaunchServices.framework/Versions/A/LaunchServices' is deprecated, text-based stubs should be used instead (with `GENERATE_TEXT_BASED_STUBS` build setting, or `tapi` tool)
ld: warning: Support for dylib stub (MH_DYLIB_STUB) file '/Users/macbookpro/leopard-webkit-build/sdk/MacOSX-SDKs/MacOSX10.6.sdk/System/Library/Frameworks/OpenGL.framework/Versions/A/Libraries/libGL.dylib' is deprecated, text-based stubs should be used instead (with `GENERATE_TEXT_BASED_STUBS` build setting, or `tapi` tool)
ld: warning: Support for dylib stub (MH_DYLIB_STUB) file '/Users/macbookpro/leopard-webkit-build/sdk/MacOSX-SDKs/MacOSX10.6.sdk/System/Library/Frameworks/Quartz.framework/Frameworks/PDFKit.framework/Versions/A/PDFKit' is deprecated, text-based stubs should be used instead (with `GENERATE_TEXT_BASED_STUBS` build setting, or `tapi` tool)
ld: warning: Support for dylib stub (MH_DYLIB_STUB) file '/Users/macbookpro/leopard-webkit-build/sdk/MacOSX-SDKs/MacOSX10.6.sdk/System/Library/Frameworks/Quartz.framework/Frameworks/QuartzFilters.framework/Versions/A/QuartzFilters' is deprecated, text-based stubs should be used instead (with `GENERATE_TEXT_BASED_STUBS` build setting, or `tapi` tool)
ld: warning: Support for dylib stub (MH_DYLIB_STUB) file '/Users/macbookpro/leopard-webkit-build/sdk/MacOSX-SDKs/MacOSX10.6.sdk/System/Library/Frameworks/Quartz.framework/Frameworks/ImageKit.framework/Versions/A/ImageKit' is deprecated, text-based stubs should be used instead (with `GENERATE_TEXT_BASED_STUBS` build setting, or `tapi` tool)
ld: warning: Support for dylib stub (MH_DYLIB_STUB) file '/Users/macbookpro/leopard-webkit-build/sdk/MacOSX-SDKs/MacOSX10.6.sdk/System/Library/Frameworks/Quartz.framework/Frameworks/QuickLookUI.framework/Versions/A/QuickLookUI' is deprecated, text-based stubs should be used instead (with `GENERATE_TEXT_BASED_STUBS` build setting, or `tapi` tool)
ld: warning: Support for dylib stub (MH_DYLIB_STUB) file '/Users/macbookpro/leopard-webkit-build/sdk/MacOSX-SDKs/MacOSX10.6.sdk/System/Library/Frameworks/CoreVideo.framework/Versions/A/CoreVideo' is deprecated, text-based stubs should be used instead (with `GENERATE_TEXT_BASED_STUBS` build setting, or `tapi` tool)
ld: warning: Support for dylib stub (MH_DYLIB_STUB) file '/Users/macbookpro/leopard-webkit-build/sdk/MacOSX-SDKs/MacOSX10.6.sdk/System/Library/Frameworks/Accelerate.framework/Frameworks/vecLib.framework/Versions/A/vecLib' is deprecated, text-based stubs should be used instead (with `GENERATE_TEXT_BASED_STUBS` build setting, or `tapi` tool)
ld: warning: Support for dylib stub (MH_DYLIB_STUB) file '/Users/macbookpro/leopard-webkit-build/sdk/MacOSX-SDKs/MacOSX10.6.sdk/System/Library/Frameworks/Carbon.framework/Frameworks/HIToolbox.framework/Versions/A/HIToolbox' is deprecated, text-based stubs should be used instead (with `GENERATE_TEXT_BASED_STUBS` build setting, or `tapi` tool)
ld: warning: Support for dylib stub (MH_DYLIB_STUB) file '/Users/macbookpro/leopard-webkit-build/sdk/MacOSX-SDKs/MacOSX10.6.sdk/System/Library/Frameworks/Carbon.framework/Frameworks/Ink.framework/Versions/A/Ink' is deprecated, text-based stubs should be used instead (with `GENERATE_TEXT_BASED_STUBS` build setting, or `tapi` tool)
ld: warning: Support for dylib stub (MH_DYLIB_STUB) file '/Users/macbookpro/leopard-webkit-build/sdk/MacOSX-SDKs/MacOSX10.6.sdk/System/Library/Frameworks/Carbon.framework/Frameworks/ImageCapture.framework/Versions/A/ImageCapture' is deprecated, text-based stubs should be used instead (with `GENERATE_TEXT_BASED_STUBS` build setting, or `tapi` tool)
ld: warning: Support for dylib stub (MH_DYLIB_STUB) file '/Users/macbookpro/leopard-webkit-build/sdk/MacOSX-SDKs/MacOSX10.6.sdk/System/Library/Frameworks/CoreServices.framework/Frameworks/CFNetwork.framework/Versions/A/CFNetwork' is deprecated, text-based stubs should be used instead (with `GENERATE_TEXT_BASED_STUBS` build setting, or `tapi` tool)
ld: warning: Support for dylib stub (MH_DYLIB_STUB) file '/Users/macbookpro/leopard-webkit-build/sdk/MacOSX-SDKs/MacOSX10.6.sdk/System/Library/Frameworks/Quartz.framework/Frameworks/QuartzComposer.framework/Versions/A/QuartzComposer' is deprecated, text-based stubs should be used instead (with `GENERATE_TEXT_BASED_STUBS` build setting, or `tapi` tool)
ld: warning: Support for dylib stub (MH_DYLIB_STUB) file '/Users/macbookpro/leopard-webkit-build/sdk/MacOSX-SDKs/MacOSX10.6.sdk/System/Library/Frameworks/Carbon.framework/Frameworks/CommonPanels.framework/Versions/A/CommonPanels' is deprecated, text-based stubs should be used instead (with `GENERATE_TEXT_BASED_STUBS` build setting, or `tapi` tool)
ld: warning: Support for dylib stub (MH_DYLIB_STUB) file '/Users/macbookpro/leopard-webkit-build/sdk/MacOSX-SDKs/MacOSX10.6.sdk/System/Library/Frameworks/Accelerate.framework/Versions/A/Frameworks/vecLib.framework/Versions/A/libvMisc.dylib' is deprecated, text-based stubs should be used instead (with `GENERATE_TEXT_BASED_STUBS` build setting, or `tapi` tool)
ld: warning: Support for dylib stub (MH_DYLIB_STUB) file '/Users/macbookpro/leopard-webkit-build/sdk/MacOSX-SDKs/MacOSX10.6.sdk/System/Library/Frameworks/Accelerate.framework/Versions/A/Frameworks/vecLib.framework/Versions/A/libBLAS.dylib' is deprecated, text-based stubs should be used instead (with `GENERATE_TEXT_BASED_STUBS` build setting, or `tapi` tool)
ld: warning: Support for dylib stub (MH_DYLIB_STUB) file '/Users/macbookpro/leopard-webkit-build/sdk/MacOSX-SDKs/MacOSX10.6.sdk/System/Library/Frameworks/Accelerate.framework/Versions/A/Frameworks/vecLib.framework/Versions/A/libLAPACK.dylib' is deprecated, text-based stubs should be used instead (with `GENERATE_TEXT_BASED_STUBS` build setting, or `tapi` tool)
ld: warning: Support for dylib stub (MH_DYLIB_STUB) file '/Users/macbookpro/leopard-webkit-build/sdk/MacOSX-SDKs/MacOSX10.6.sdk/System/Library/Frameworks/Foundation.framework/Versions/C/Foundation' is deprecated, text-based stubs should be used instead (with `GENERATE_TEXT_BASED_STUBS` build setting, or `tapi` tool)
ld: warning: Support for dylib stub (MH_DYLIB_STUB) file '/Users/macbookpro/leopard-webkit-build/sdk/MacOSX-SDKs/MacOSX10.6.sdk/System/Library/Frameworks/ApplicationServices.framework/Frameworks/ImageIO.framework/Versions/A/ImageIO' is deprecated, text-based stubs should be used instead (with `GENERATE_TEXT_BASED_STUBS` build setting, or `tapi` tool)
ld: warning: Support for dylib stub (MH_DYLIB_STUB) file '/Users/macbookpro/leopard-webkit-build/sdk/MacOSX-SDKs/MacOSX10.6.sdk/System/Library/Frameworks/ApplicationServices.framework/Frameworks/CoreGraphics.framework/Versions/A/CoreGraphics' is deprecated, text-based stubs should be used instead (with `GENERATE_TEXT_BASED_STUBS` build setting, or `tapi` tool)
ld: warning: Support for dylib stub (MH_DYLIB_STUB) file '/Users/macbookpro/leopard-webkit-build/sdk/MacOSX-SDKs/MacOSX10.6.sdk/System/Library/Frameworks/ApplicationServices.framework/Frameworks/CoreText.framework/Versions/A/CoreText' is deprecated, text-based stubs should be used instead (with `GENERATE_TEXT_BASED_STUBS` build setting, or `tapi` tool)
ld: warning: Support for dylib stub (MH_DYLIB_STUB) file '/Users/macbookpro/leopard-webkit-build/sdk/MacOSX-SDKs/MacOSX10.6.sdk/System/Library/Frameworks/ApplicationServices.framework/Frameworks/ATS.framework/Versions/A/ATS' is deprecated, text-based stubs should be used instead (with `GENERATE_TEXT_BASED_STUBS` build setting, or `tapi` tool)
ld: warning: Support for dylib stub (MH_DYLIB_STUB) file '/Users/macbookpro/leopard-webkit-build/sdk/MacOSX-SDKs/MacOSX10.6.sdk/System/Library/Frameworks/ApplicationServices.framework/Frameworks/ColorSync.framework/Versions/A/ColorSync' is deprecated, text-based stubs should be used instead (with `GENERATE_TEXT_BASED_STUBS` build setting, or `tapi` tool)
ld: warning: Support for dylib stub (MH_DYLIB_STUB) file '/Users/macbookpro/leopard-webkit-build/sdk/MacOSX-SDKs/MacOSX10.6.sdk/System/Library/Frameworks/ApplicationServices.framework/Frameworks/HIServices.framework/Versions/A/HIServices' is deprecated, text-based stubs should be used instead (with `GENERATE_TEXT_BASED_STUBS` build setting, or `tapi` tool)
ld: warning: Support for dylib stub (MH_DYLIB_STUB) file '/Users/macbookpro/leopard-webkit-build/sdk/MacOSX-SDKs/MacOSX10.6.sdk/System/Library/Frameworks/ApplicationServices.framework/Frameworks/LangAnalysis.framework/Versions/A/LangAnalysis' is deprecated, text-based stubs should be used instead (with `GENERATE_TEXT_BASED_STUBS` build setting, or `tapi` tool)
ld: warning: Support for dylib stub (MH_DYLIB_STUB) file '/Users/macbookpro/leopard-webkit-build/sdk/MacOSX-SDKs/MacOSX10.6.sdk/System/Library/Frameworks/ApplicationServices.framework/Frameworks/PrintCore.framework/Versions/A/PrintCore' is deprecated, text-based stubs should be used instead (with `GENERATE_TEXT_BASED_STUBS` build setting, or `tapi` tool)
ld: warning: Support for dylib stub (MH_DYLIB_STUB) file '/Users/macbookpro/leopard-webkit-build/sdk/MacOSX-SDKs/MacOSX10.6.sdk/System/Library/Frameworks/ApplicationServices.framework/Frameworks/QD.framework/Versions/A/QD' is deprecated, text-based stubs should be used instead (with `GENERATE_TEXT_BASED_STUBS` build setting, or `tapi` tool)
ld: warning: Support for dylib stub (MH_DYLIB_STUB) file '/Users/macbookpro/leopard-webkit-build/sdk/MacOSX-SDKs/MacOSX10.6.sdk/System/Library/Frameworks/ApplicationServices.framework/Frameworks/SpeechSynthesis.framework/Versions/A/SpeechSynthesis' is deprecated, text-based stubs should be used instead (with `GENERATE_TEXT_BASED_STUBS` build setting, or `tapi` tool)
ld: warning: Support for dylib stub (MH_DYLIB_STUB) file '/Users/macbookpro/leopard-webkit-build/sdk/MacOSX-SDKs/MacOSX10.6.sdk/System/Library/Frameworks/QuickLook.framework/Versions/A/QuickLook' is deprecated, text-based stubs should be used instead (with `GENERATE_TEXT_BASED_STUBS` build setting, or `tapi` tool)
ld: warning: object file (/Users/macbookpro/leopard-webkit-build/dist/icu/lib/libicuuc.a[11](cmemory.ao)) was built for newer 'macOS' version (26.0) than being linked (10.6)
ld: warning: object file (/Users/macbookpro/leopard-webkit-build/dist/icu/lib/libicuuc.a[87](utf_impl.ao)) was built for newer 'macOS' version (26.0) than being linked (10.6)
ld: warning: object file (/Users/macbookpro/leopard-webkit-build/dist/icu/lib/libicuuc.a[117](ubidi_props.ao)) was built for newer 'macOS' version (26.0) than being linked (10.6)
ld: warning: object file (/Users/macbookpro/leopard-webkit-build/dist/icu/lib/libicuuc.a[127](utrie2.ao)) was built for newer 'macOS' version (26.0) than being linked (10.6)
ld: warning: building for macOS-10.6, but linking with dylib '/usr/lib/libxml2.2.dylib' which was built for newer version 10.7
ld: warning: building for macOS-10.6, but linking with dylib '/usr/lib/libxml2.2.dylib' which was built for newer version 10.7
ld: warning: ignoring duplicate libraries: 'lib/libWTF.a'
ld: library '/Users/macbookpro/leopard-webkit-build/build-610/-Wl,-u,__ZN3WTF36lockAtomicallyInitializedStaticMutexEv' not found
clang++: [0;1;31merror: [0m[1mlinker command failed with exit code 1 (use -v to see invocation)[0m
[1/1] Linking CXX shared library lib/JavaScriptCore.framework/Versions/A/JavaScriptCore
ld: warning: Support for dylib stub (MH_DYLIB_STUB) file '/Users/macbookpro/leopard-webkit-build/sdk/MacOSX-SDKs/MacOSX10.6.sdk/usr/lib/libicucore.dylib' is deprecated, text-based stubs should be used instead (with `GENERATE_TEXT_BASED_STUBS` build setting, or `tapi` tool)
ld: warning: Support for dylib stub (MH_DYLIB_STUB) file '/Users/macbookpro/leopard-webkit-build/sdk/MacOSX-SDKs/MacOSX10.6.sdk/usr/lib/libreadline.dylib' is deprecated, text-based stubs should be used instead (with `GENERATE_TEXT_BASED_STUBS` build setting, or `tapi` tool)
ld: warning: Support for dylib stub (MH_DYLIB_STUB) file '/Users/macbookpro/leopard-webkit-build/sdk/MacOSX-SDKs/MacOSX10.6.sdk/usr/lib/libicucore.dylib' is deprecated, text-based stubs should be used instead (with `GENERATE_TEXT_BASED_STUBS` build setting, or `tapi` tool)
ld: warning: Support for dylib stub (MH_DYLIB_STUB) file '/Users/macbookpro/leopard-webkit-build/sdk/MacOSX-SDKs/MacOSX10.6.sdk/usr/lib/libicucore.dylib' is deprecated, text-based stubs should be used instead (with `GENERATE_TEXT_BASED_STUBS` build setting, or `tapi` tool)
ld: warning: Support for dylib stub (MH_DYLIB_STUB) file '/Users/macbookpro/leopard-webkit-build/sdk/MacOSX-SDKs/MacOSX10.6.sdk/usr/lib/libobjc.A.dylib' is deprecated, text-based stubs should be used instead (with `GENERATE_TEXT_BASED_STUBS` build setting, or `tapi` tool)
ld: warning: Support for dylib stub (MH_DYLIB_STUB) file '/Users/macbookpro/leopard-webkit-build/sdk/MacOSX-SDKs/MacOSX10.6.sdk/usr/lib/libSystem.dylib' is deprecated, text-based stubs should be used instead (with `GENERATE_TEXT_BASED_STUBS` build setting, or `tapi` tool)
ld: warning: Support for dylib stub (MH_DYLIB_STUB) file '/Users/macbookpro/leopard-webkit-build/sdk/MacOSX-SDKs/MacOSX10.6.sdk/System/Library/Frameworks/Security.framework/Security' is deprecated, text-based stubs should be used instead (with `GENERATE_TEXT_BASED_STUBS` build setting, or `tapi` tool)
ld: warning: Support for dylib stub (MH_DYLIB_STUB) file '/Users/macbookpro/leopard-webkit-build/sdk/MacOSX-SDKs/MacOSX10.6.sdk/System/Library/Frameworks/CoreFoundation.framework/CoreFoundation' is deprecated, text-based stubs should be used instead (with `GENERATE_TEXT_BASED_STUBS` build setting, or `tapi` tool)
ld: warning: Support for dylib stub (MH_DYLIB_STUB) file '/Users/macbookpro/leopard-webkit-build/sdk/MacOSX-SDKs/MacOSX10.6.sdk/System/Library/Frameworks/Cocoa.framework/Cocoa' is deprecated, text-based stubs should be used instead (with `GENERATE_TEXT_BASED_STUBS` build setting, or `tapi` tool)
ld: warning: Support for dylib stub (MH_DYLIB_STUB) file '/Users/macbookpro/leopard-webkit-build/sdk/MacOSX-SDKs/MacOSX10.6.sdk/System/Library/Frameworks/CoreData.framework/Versions/A/CoreData' is deprecated, text-based stubs should be used instead (with `GENERATE_TEXT_BASED_STUBS` build setting, or `tapi` tool)
ld: warning: Support for dylib stub (MH_DYLIB_STUB) file '/Users/macbookpro/leopard-webkit-build/sdk/MacOSX-SDKs/MacOSX10.6.sdk/System/Library/Frameworks/AppKit.framework/Versions/C/AppKit' is deprecated, text-based stubs should be used instead (with `GENERATE_TEXT_BASED_STUBS` build setting, or `tapi` tool)
ld: warning: Support for dylib stub (MH_DYLIB_STUB) file '/Users/macbookpro/leopard-webkit-build/sdk/MacOSX-SDKs/MacOSX10.6.sdk/usr/lib/system/libmathCommon.A.dylib' is deprecated, text-based stubs should be used instead (with `GENERATE_TEXT_BASED_STUBS` build setting, or `tapi` tool)
ld: warning: Support for dylib stub (MH_DYLIB_STUB) file '/Users/macbookpro/leopard-webkit-build/sdk/MacOSX-SDKs/MacOSX10.6.sdk/System/Library/Frameworks/ApplicationServices.framework/Versions/A/ApplicationServices' is deprecated, text-based stubs should be used instead (with `GENERATE_TEXT_BASED_STUBS` build setting, or `tapi` tool)
ld: warning: Support for dylib stub (MH_DYLIB_STUB) file '/Users/macbookpro/leopard-webkit-build/sdk/MacOSX-SDKs/MacOSX10.6.sdk/System/Library/Frameworks/Foundation.framework/Versions/C/Foundation' is deprecated, text-based stubs should be used instead (with `GENERATE_TEXT_BASED_STUBS` build setting, or `tapi` tool)
ld: warning: Support for dylib stub (MH_DYLIB_STUB) file '/Users/macbookpro/leopard-webkit-build/sdk/MacOSX-SDKs/MacOSX10.6.sdk/System/Library/Frameworks/ApplicationServices.framework/Frameworks/ImageIO.framework/Versions/A/ImageIO' is deprecated, text-based stubs should be used instead (with `GENERATE_TEXT_BASED_STUBS` build setting, or `tapi` tool)
ld: warning: Support for dylib stub (MH_DYLIB_STUB) file '/Users/macbookpro/leopard-webkit-build/sdk/MacOSX-SDKs/MacOSX10.6.sdk/System/Library/Frameworks/ApplicationServices.framework/Frameworks/CoreGraphics.framework/Versions/A/CoreGraphics' is deprecated, text-based stubs should be used instead (with `GENERATE_TEXT_BASED_STUBS` build setting, or `tapi` tool)
ld: warning: Support for dylib stub (MH_DYLIB_STUB) file '/Users/macbookpro/leopard-webkit-build/sdk/MacOSX-SDKs/MacOSX10.6.sdk/System/Library/Frameworks/ApplicationServices.framework/Frameworks/ColorSync.framework/Versions/A/ColorSync' is deprecated, text-based stubs should be used instead (with `GENERATE_TEXT_BASED_STUBS` build setting, or `tapi` tool)
ld: warning: Support for dylib stub (MH_DYLIB_STUB) file '/Users/macbookpro/leopard-webkit-build/sdk/MacOSX-SDKs/MacOSX10.6.sdk/System/Library/Frameworks/ApplicationServices.framework/Frameworks/ATS.framework/Versions/A/ATS' is deprecated, text-based stubs should be used instead (with `GENERATE_TEXT_BASED_STUBS` build setting, or `tapi` tool)
ld: warning: Support for dylib stub (MH_DYLIB_STUB) file '/Users/macbookpro/leopard-webkit-build/sdk/MacOSX-SDKs/MacOSX10.6.sdk/System/Library/Frameworks/ApplicationServices.framework/Frameworks/CoreText.framework/Versions/A/CoreText' is deprecated, text-based stubs should be used instead (with `GENERATE_TEXT_BASED_STUBS` build setting, or `tapi` tool)
ld: warning: Support for dylib stub (MH_DYLIB_STUB) file '/Users/macbookpro/leopard-webkit-build/sdk/MacOSX-SDKs/MacOSX10.6.sdk/System/Library/Frameworks/ApplicationServices.framework/Frameworks/HIServices.framework/Versions/A/HIServices' is deprecated, text-based stubs should be used instead (with `GENERATE_TEXT_BASED_STUBS` build setting, or `tapi` tool)
ld: warning: Support for dylib stub (MH_DYLIB_STUB) file '/Users/macbookpro/leopard-webkit-build/sdk/MacOSX-SDKs/MacOSX10.6.sdk/System/Library/Frameworks/ApplicationServices.framework/Frameworks/LangAnalysis.framework/Versions/A/LangAnalysis' is deprecated, text-based stubs should be used instead (with `GENERATE_TEXT_BASED_STUBS` build setting, or `tapi` tool)
ld: warning: Support for dylib stub (MH_DYLIB_STUB) file '/Users/macbookpro/leopard-webkit-build/sdk/MacOSX-SDKs/MacOSX10.6.sdk/System/Library/Frameworks/ApplicationServices.framework/Frameworks/QD.framework/Versions/A/QD' is deprecated, text-based stubs should be used instead (with `GENERATE_TEXT_BASED_STUBS` build setting, or `tapi` tool)
ld: warning: Support for dylib stub (MH_DYLIB_STUB) file '/Users/macbookpro/leopard-webkit-build/sdk/MacOSX-SDKs/MacOSX10.6.sdk/System/Library/Frameworks/ApplicationServices.framework/Frameworks/SpeechSynthesis.framework/Versions/A/SpeechSynthesis' is deprecated, text-based stubs should be used instead (with `GENERATE_TEXT_BASED_STUBS` build setting, or `tapi` tool)
ld: warning: Support for dylib stub (MH_DYLIB_STUB) file '/Users/macbookpro/leopard-webkit-build/sdk/MacOSX-SDKs/MacOSX10.6.sdk/System/Library/Frameworks/ApplicationServices.framework/Frameworks/PrintCore.framework/Versions/A/PrintCore' is deprecated, text-based stubs should be used instead (with `GENERATE_TEXT_BASED_STUBS` build setting, or `tapi` tool)
ld: warning: Support for dylib stub (MH_DYLIB_STUB) file '/Users/macbookpro/leopard-webkit-build/sdk/MacOSX-SDKs/MacOSX10.6.sdk/System/Library/Frameworks/CoreServices.framework/Versions/A/CoreServices' is deprecated, text-based stubs should be used instead (with `GENERATE_TEXT_BASED_STUBS` build setting, or `tapi` tool)
ld: warning: Support for dylib stub (MH_DYLIB_STUB) file '/Users/macbookpro/leopard-webkit-build/sdk/MacOSX-SDKs/MacOSX10.6.sdk/System/Library/Frameworks/CoreServices.framework/Frameworks/CarbonCore.framework/Versions/A/CarbonCore' is deprecated, text-based stubs should be used instead (with `GENERATE_TEXT_BASED_STUBS` build setting, or `tapi` tool)
ld: warning: Support for dylib stub (MH_DYLIB_STUB) file '/Users/macbookpro/leopard-webkit-build/sdk/MacOSX-SDKs/MacOSX10.6.sdk/System/Library/Frameworks/CoreServices.framework/Frameworks/CFNetwork.framework/Versions/A/CFNetwork' is deprecated, text-based stubs should be used instead (with `GENERATE_TEXT_BASED_STUBS` build setting, or `tapi` tool)
ld: warning: Support for dylib stub (MH_DYLIB_STUB) file '/Users/macbookpro/leopard-webkit-build/sdk/MacOSX-SDKs/MacOSX10.6.sdk/System/Library/Frameworks/CoreServices.framework/Frameworks/AE.framework/Versions/A/AE' is deprecated, text-based stubs should be used instead (with `GENERATE_TEXT_BASED_STUBS` build setting, or `tapi` tool)
ld: warning: Support for dylib stub (MH_DYLIB_STUB) file '/Users/macbookpro/leopard-webkit-build/sdk/MacOSX-SDKs/MacOSX10.6.sdk/System/Library/Frameworks/CoreServices.framework/Frameworks/Metadata.framework/Versions/A/Metadata' is deprecated, text-based stubs should be used instead (with `GENERATE_TEXT_BASED_STUBS` build setting, or `tapi` tool)
ld: warning: Support for dylib stub (MH_DYLIB_STUB) file '/Users/macbookpro/leopard-webkit-build/sdk/MacOSX-SDKs/MacOSX10.6.sdk/System/Library/Frameworks/CoreServices.framework/Frameworks/SearchKit.framework/Versions/A/SearchKit' is deprecated, text-based stubs should be used instead (with `GENERATE_TEXT_BASED_STUBS` build setting, or `tapi` tool)
ld: warning: Support for dylib stub (MH_DYLIB_STUB) file '/Users/macbookpro/leopard-webkit-build/sdk/MacOSX-SDKs/MacOSX10.6.sdk/System/Library/Frameworks/CoreServices.framework/Frameworks/OSServices.framework/Versions/A/OSServices' is deprecated, text-based stubs should be used instead (with `GENERATE_TEXT_BASED_STUBS` build setting, or `tapi` tool)
ld: warning: Support for dylib stub (MH_DYLIB_STUB) file '/Users/macbookpro/leopard-webkit-build/sdk/MacOSX-SDKs/MacOSX10.6.sdk/System/Library/Frameworks/CoreServices.framework/Frameworks/LaunchServices.framework/Versions/A/LaunchServices' is deprecated, text-based stubs should be used instead (with `GENERATE_TEXT_BASED_STUBS` build setting, or `tapi` tool)
ld: warning: Support for dylib stub (MH_DYLIB_STUB) file '/Users/macbookpro/leopard-webkit-build/sdk/MacOSX-SDKs/MacOSX10.6.sdk/System/Library/Frameworks/CoreServices.framework/Frameworks/DictionaryServices.framework/Versions/A/DictionaryServices' is deprecated, text-based stubs should be used instead (with `GENERATE_TEXT_BASED_STUBS` build setting, or `tapi` tool)
ld: warning: object file (/Users/macbookpro/leopard-webkit-build/dist/icu/lib/libicuuc.a[2](errorcode.ao)) was built for newer 'macOS' version (26.0) than being linked (10.6)
ld: warning: object file (/Users/macbookpro/leopard-webkit-build/dist/icu/lib/libicuuc.a[3](putil.ao)) was built for newer 'macOS' version (26.0) than being linked (10.6)
ld: warning: object file (/Users/macbookpro/leopard-webkit-build/dist/icu/lib/libicuuc.a[4](umath.ao)) was built for newer 'macOS' version (26.0) than being linked (10.6)
ld: warning: object file (/Users/macbookpro/leopard-webkit-build/dist/icu/lib/libicuuc.a[5](utypes.ao)) was built for newer 'macOS' version (26.0) than being linked (10.6)
ld: warning: object file (/Users/macbookpro/leopard-webkit-build/dist/icu/lib/libicuuc.a[6](uinvchar.ao)) was built for newer 'macOS' version (26.0) than being linked (10.6)
ld: warning: object file (/Users/macbookpro/leopard-webkit-build/dist/icu/lib/libicuuc.a[7](umutex.ao)) was built for newer 'macOS' version (26.0) than being linked (10.6)
ld: warning: object file (/Users/macbookpro/leopard-webkit-build/dist/icu/lib/libicuuc.a[8](ucln_cmn.ao)) was built for newer 'macOS' version (26.0) than being linked (10.6)
ld: warning: object file (/Users/macbookpro/leopard-webkit-build/dist/icu/lib/libicuuc.a[10](uobject.ao)) was built for newer 'macOS' version (26.0) than being linked (10.6)
ld: warning: object file (/Users/macbookpro/leopard-webkit-build/dist/icu/lib/libicuuc.a[11](cmemory.ao)) was built for newer 'macOS' version (26.0) than being linked (10.6)
ld: warning: object file (/Users/macbookpro/leopard-webkit-build/dist/icu/lib/libicuuc.a[12](charstr.ao)) was built for newer 'macOS' version (26.0) than being linked (10.6)
ld: warning: object file (/Users/macbookpro/leopard-webkit-build/dist/icu/lib/libicuuc.a[14](udata.ao)) was built for newer 'macOS' version (26.0) than being linked (10.6)
ld: warning: object file (/Users/macbookpro/leopard-webkit-build/dist/icu/lib/libicuuc.a[15](ucmndata.ao)) was built for newer 'macOS' version (26.0) than being linked (10.6)
ld: warning: object file (/Users/macbookpro/leopard-webkit-build/dist/icu/lib/libicuuc.a[16](udatamem.ao)) was built for newer 'macOS' version (26.0) than being linked (10.6)
ld: warning: object file (/Users/macbookpro/leopard-webkit-build/dist/icu/lib/libicuuc.a[17](umapfile.ao)) was built for newer 'macOS' version (26.0) than being linked (10.6)
ld: warning: object file (/Users/macbookpro/leopard-webkit-build/dist/icu/lib/libicuuc.a[18](udataswp.ao)) was built for newer 'macOS' version (26.0) than being linked (10.6)
ld: warning: object file (/Users/macbookpro/leopard-webkit-build/dist/icu/lib/libicuuc.a[19](ucol_swp.ao)) was built for newer 'macOS' version (26.0) than being linked (10.6)
ld: warning: object file (/Users/macbookpro/leopard-webkit-build/dist/icu/lib/libicuuc.a[20](utrace.ao)) was built for newer 'macOS' version (26.0) than being linked (10.6)
ld: warning: object file (/Users/macbookpro/leopard-webkit-build/dist/icu/lib/libicuuc.a[21](uhash.ao)) was built for newer 'macOS' version (26.0) than being linked (10.6)
ld: warning: object file (/Users/macbookpro/leopard-webkit-build/dist/icu/lib/libicuuc.a[22](uhash_us.ao)) was built for newer 'macOS' version (26.0) than being linked (10.6)
ld: warning: object file (/Users/macbookpro/leopard-webkit-build/dist/icu/lib/libicuuc.a[23](uenum.ao)) was built for newer 'macOS' version (26.0) than being linked (10.6)
ld: warning: object file (/Users/macbookpro/leopard-webkit-build/dist/icu/lib/libicuuc.a[24](ustrenum.ao)) was built for newer 'macOS' version (26.0) than being linked (10.6)
ld: warning: object file (/Users/macbookpro/leopard-webkit-build/dist/icu/lib/libicuuc.a[25](uvector.ao)) was built for newer 'macOS' version (26.0) than being linked (10.6)
ld: warning: object file (/Users/macbookpro/leopard-webkit-build/dist/icu/lib/libicuuc.a[26](ustack.ao)) was built for newer 'macOS' version (26.0) than being linked (10.6)
ld: warning: object file (/Users/macbookpro/leopard-webkit-build/dist/icu/lib/libicuuc.a[27](uvectr32.ao)) was built for newer 'macOS' version (26.0) than being linked (10.6)
ld: warning: object file (/Users/macbookpro/leopard-webkit-build/dist/icu/lib/libicuuc.a[28](uvectr64.ao)) was built for newer 'macOS' version (26.0) than being linked (10.6)
ld: warning: object file (/Users/macbookpro/leopard-webkit-build/dist/icu/lib/libicuuc.a[51](resource.ao)) was built for newer 'macOS' version (26.0) than being linked (10.6)
ld: warning: object file (/Users/macbookpro/leopard-webkit-build/dist/icu/lib/libicuuc.a[52](uresbund.ao)) was built for newer 'macOS' version (26.0) than being linked (10.6)
ld: warning: object file (/Users/macbookpro/leopard-webkit-build/dist/icu/lib/libicuuc.a[54](uresdata.ao)) was built for newer 'macOS' version (26.0) than being linked (10.6)
ld: warning: object file (/Users/macbookpro/leopard-webkit-build/dist/icu/lib/libicuuc.a[55](resbund.ao)) was built for newer 'macOS' version (26.0) than being linked (10.6)
ld: warning: object file (/Users/macbookpro/leopard-webkit-build/dist/icu/lib/libicuuc.a[57](ucurr.ao)) was built for newer 'macOS' version (26.0) than being linked (10.6)
ld: warning: object file (/Users/macbookpro/leopard-webkit-build/dist/icu/lib/libicuuc.a[58](messagepattern.ao)) was built for newer 'macOS' version (26.0) than being linked (10.6)
ld: warning: object file (/Users/macbookpro/leopard-webkit-build/dist/icu/lib/libicuuc.a[60](locmap.ao)) was built for newer 'macOS' version (26.0) than being linked (10.6)
ld: warning: object file (/Users/macbookpro/leopard-webkit-build/dist/icu/lib/libicuuc.a[61](uloc.ao)) was built for newer 'macOS' version (26.0) than being linked (10.6)
ld: warning: object file (/Users/macbookpro/leopard-webkit-build/dist/icu/lib/libicuuc.a[62](locid.ao)) was built for newer 'macOS' version (26.0) than being linked (10.6)
ld: warning: object file (/Users/macbookpro/leopard-webkit-build/dist/icu/lib/libicuuc.a[63](locutil.ao)) was built for newer 'macOS' version (26.0) than being linked (10.6)
ld: warning: object file (/Users/macbookpro/leopard-webkit-build/dist/icu/lib/libicuuc.a[64](locavailable.ao)) was built for newer 'macOS' version (26.0) than being linked (10.6)
ld: warning: object file (/Users/macbookpro/leopard-webkit-build/dist/icu/lib/libicuuc.a[65](locdispnames.ao)) was built for newer 'macOS' version (26.0) than being linked (10.6)
ld: warning: object file (/Users/macbookpro/leopard-webkit-build/dist/icu/lib/libicuuc.a[66](locdspnm.ao)) was built for newer 'macOS' version (26.0) than being linked (10.6)
ld: warning: object file (/Users/macbookpro/leopard-webkit-build/dist/icu/lib/libicuuc.a[67](loclikely.ao)) was built for newer 'macOS' version (26.0) than being linked (10.6)
ld: warning: object file (/Users/macbookpro/leopard-webkit-build/dist/icu/lib/libicuuc.a[68](locresdata.ao)) was built for newer 'macOS' version (26.0) than being linked (10.6)
ld: warning: object file (/Users/macbookpro/leopard-webkit-build/dist/icu/lib/libicuuc.a[69](bytestream.ao)) was built for newer 'macOS' version (26.0) than being linked (10.6)
ld: warning: object file (/Users/macbookpro/leopard-webkit-build/dist/icu/lib/libicuuc.a[70](stringpiece.ao)) was built for newer 'macOS' version (26.0) than being linked (10.6)
ld: warning: object file (/Users/macbookpro/leopard-webkit-build/dist/icu/lib/libicuuc.a[71](bytesinkutil.ao)) was built for newer 'macOS' version (26.0) than being linked (10.6)
ld: warning: object file (/Users/macbookpro/leopard-webkit-build/dist/icu/lib/libicuuc.a[72](stringtriebuilder.ao)) was built for newer 'macOS' version (26.0) than being linked (10.6)
ld: warning: object file (/Users/macbookpro/leopard-webkit-build/dist/icu/lib/libicuuc.a[74](bytestrie.ao)) was built for newer 'macOS' version (26.0) than being linked (10.6)
ld: warning: object file (/Users/macbookpro/leopard-webkit-build/dist/icu/lib/libicuuc.a[76](ucharstrie.ao)) was built for newer 'macOS' version (26.0) than being linked (10.6)
ld: warning: object file (/Users/macbookpro/leopard-webkit-build/dist/icu/lib/libicuuc.a[77](ucharstriebuilder.ao)) was built for newer 'macOS' version (26.0) than being linked (10.6)
ld: warning: object file (/Users/macbookpro/leopard-webkit-build/dist/icu/lib/libicuuc.a[78](ucharstrieiterator.ao)) was built for newer 'macOS' version (26.0) than being linked (10.6)
ld: warning: object file (/Users/macbookpro/leopard-webkit-build/dist/icu/lib/libicuuc.a[79](dictionarydata.ao)) was built for newer 'macOS' version (26.0) than being linked (10.6)
ld: warning: object file (/Users/macbookpro/leopard-webkit-build/dist/icu/lib/libicuuc.a[80](edits.ao)) was built for newer 'macOS' version (26.0) than being linked (10.6)
ld: warning: object file (/Users/macbookpro/leopard-webkit-build/dist/icu/lib/libicuuc.a[81](appendable.ao)) was built for newer 'macOS' version (26.0) than being linked (10.6)
ld: warning: object file (/Users/macbookpro/leopard-webkit-build/dist/icu/lib/libicuuc.a[84](unistr.ao)) was built for newer 'macOS' version (26.0) than being linked (10.6)
ld: warning: object file (/Users/macbookpro/leopard-webkit-build/dist/icu/lib/libicuuc.a[85](unistr_case.ao)) was built for newer 'macOS' version (26.0) than being linked (10.6)
ld: warning: object file (/Users/macbookpro/leopard-webkit-build/dist/icu/lib/libicuuc.a[86](unistr_props.ao)) was built for newer 'macOS' version (26.0) than being linked (10.6)
ld: warning: object file (/Users/macbookpro/leopard-webkit-build/dist/icu/lib/libicuuc.a[87](utf_impl.ao)) was built for newer 'macOS' version (26.0) than being linked (10.6)
ld: warning: object file (/Users/macbookpro/leopard-webkit-build/dist/icu/lib/libicuuc.a[88](ustring.ao)) was built for newer 'macOS' version (26.0) than being linked (10.6)
ld: warning: object file (/Users/macbookpro/leopard-webkit-build/dist/icu/lib/libicuuc.a[89](ustrcase.ao)) was built for newer 'macOS' version (26.0) than being linked (10.6)
ld: warning: object file (/Users/macbookpro/leopard-webkit-build/dist/icu/lib/libicuuc.a[92](cstring.ao)) was built for newer 'macOS' version (26.0) than being linked (10.6)
ld: warning: object file (/Users/macbookpro/leopard-webkit-build/dist/icu/lib/libicuuc.a[93](ustrfmt.ao)) was built for newer 'macOS' version (26.0) than being linked (10.6)
ld: warning: object file (/Users/macbookpro/leopard-webkit-build/dist/icu/lib/libicuuc.a[94](ustrtrns.ao)) was built for newer 'macOS' version (26.0) than being linked (10.6)
ld: warning: object file (/Users/macbookpro/leopard-webkit-build/dist/icu/lib/libicuuc.a[96](utext.ao)) was built for newer 'macOS' version (26.0) than being linked (10.6)
ld: warning: object file (/Users/macbookpro/leopard-webkit-build/dist/icu/lib/libicuuc.a[97](unistr_case_locale.ao)) was built for newer 'macOS' version (26.0) than being linked (10.6)
ld: warning: object file (/Users/macbookpro/leopard-webkit-build/dist/icu/lib/libicuuc.a[98](ustrcase_locale.ao)) was built for newer 'macOS' version (26.0) than being linked (10.6)
ld: warning: object file (/Users/macbookpro/leopard-webkit-build/dist/icu/lib/libicuuc.a[99](unistr_titlecase_brkiter.ao)) was built for newer 'macOS' version (26.0) than being linked (10.6)
ld: warning: object file (/Users/macbookpro/leopard-webkit-build/dist/icu/lib/libicuuc.a[100](ustr_titlecase_brkiter.ao)) was built for newer 'macOS' version (26.0) than being linked (10.6)
ld: warning: object file (/Users/macbookpro/leopard-webkit-build/dist/icu/lib/libicuuc.a[101](normalizer2impl.ao)) was built for newer 'macOS' version (26.0) than being linked (10.6)
ld: warning: object file (/Users/macbookpro/leopard-webkit-build/dist/icu/lib/libicuuc.a[102](normalizer2.ao)) was built for newer 'macOS' version (26.0) than being linked (10.6)
ld: warning: object file (/Users/macbookpro/leopard-webkit-build/dist/icu/lib/libicuuc.a[107](loadednormalizer2impl.ao)) was built for newer 'macOS' version (26.0) than being linked (10.6)
ld: warning: object file (/Users/macbookpro/leopard-webkit-build/dist/icu/lib/libicuuc.a[108](chariter.ao)) was built for newer 'macOS' version (26.0) than being linked (10.6)
ld: warning: object file (/Users/macbookpro/leopard-webkit-build/dist/icu/lib/libicuuc.a[109](schriter.ao)) was built for newer 'macOS' version (26.0) than being linked (10.6)
ld: warning: object file (/Users/macbookpro/leopard-webkit-build/dist/icu/lib/libicuuc.a[110](uchriter.ao)) was built for newer 'macOS' version (26.0) than being linked (10.6)
ld: warning: object file (/Users/macbookpro/leopard-webkit-build/dist/icu/lib/libicuuc.a[111](uiter.ao)) was built for newer 'macOS' version (26.0) than being linked (10.6)
ld: warning: object file (/Users/macbookpro/leopard-webkit-build/dist/icu/lib/libicuuc.a[112](patternprops.ao)) was built for newer 'macOS' version (26.0) than being linked (10.6)
ld: warning: object file (/Users/macbookpro/leopard-webkit-build/dist/icu/lib/libicuuc.a[113](uchar.ao)) was built for newer 'macOS' version (26.0) than being linked (10.6)
ld: warning: object file (/Users/macbookpro/leopard-webkit-build/dist/icu/lib/libicuuc.a[114](uprops.ao)) was built for newer 'macOS' version (26.0) than being linked (10.6)
ld: warning: object file (/Users/macbookpro/leopard-webkit-build/dist/icu/lib/libicuuc.a[115](ucase.ao)) was built for newer 'macOS' version (26.0) than being linked (10.6)
ld: warning: object file (/Users/macbookpro/leopard-webkit-build/dist/icu/lib/libicuuc.a[116](propname.ao)) was built for newer 'macOS' version (26.0) than being linked (10.6)
ld: warning: object file (/Users/macbookpro/leopard-webkit-build/dist/icu/lib/libicuuc.a[117](ubidi_props.ao)) was built for newer 'macOS' version (26.0) than being linked (10.6)
ld: warning: object file (/Users/macbookpro/leopard-webkit-build/dist/icu/lib/libicuuc.a[123](uscript_props.ao)) was built for newer 'macOS' version (26.0) than being linked (10.6)
ld: warning: object file (/Users/macbookpro/leopard-webkit-build/dist/icu/lib/libicuuc.a[125](unames.ao)) was built for newer 'macOS' version (26.0) than being linked (10.6)
ld: warning: object file (/Users/macbookpro/leopard-webkit-build/dist/icu/lib/libicuuc.a[126](utrie.ao)) was built for newer 'macOS' version (26.0) than being linked (10.6)
ld: warning: object file (/Users/macbookpro/leopard-webkit-build/dist/icu/lib/libicuuc.a[127](utrie2.ao)) was built for newer 'macOS' version (26.0) than being linked (10.6)
ld: warning: object file (/Users/macbookpro/leopard-webkit-build/dist/icu/lib/libicuuc.a[128](utrie2_builder.ao)) was built for newer 'macOS' version (26.0) than being linked (10.6)
ld: warning: object file (/Users/macbookpro/leopard-webkit-build/dist/icu/lib/libicuuc.a[129](bmpset.ao)) was built for newer 'macOS' version (26.0) than being linked (10.6)
ld: warning: object file (/Users/macbookpro/leopard-webkit-build/dist/icu/lib/libicuuc.a[130](unisetspan.ao)) was built for newer 'macOS' version (26.0) than being linked (10.6)
ld: warning: object file (/Users/macbookpro/leopard-webkit-build/dist/icu/lib/libicuuc.a[131](uset_props.ao)) was built for newer 'macOS' version (26.0) than being linked (10.6)
ld: warning: object file (/Users/macbookpro/leopard-webkit-build/dist/icu/lib/libicuuc.a[132](uniset_props.ao)) was built for newer 'macOS' version (26.0) than being linked (10.6)
ld: warning: object file (/Users/macbookpro/leopard-webkit-build/dist/icu/lib/libicuuc.a[133](uniset_closure.ao)) was built for newer 'macOS' version (26.0) than being linked (10.6)
ld: warning: object file (/Users/macbookpro/leopard-webkit-build/dist/icu/lib/libicuuc.a[134](uset.ao)) was built for newer 'macOS' version (26.0) than being linked (10.6)
ld: warning: object file (/Users/macbookpro/leopard-webkit-build/dist/icu/lib/libicuuc.a[135](uniset.ao)) was built for newer 'macOS' version (26.0) than being linked (10.6)
ld: warning: object file (/Users/macbookpro/leopard-webkit-build/dist/icu/lib/libicuuc.a[136](usetiter.ao)) was built for newer 'macOS' version (26.0) than being linked (10.6)
ld: warning: object file (/Users/macbookpro/leopard-webkit-build/dist/icu/lib/libicuuc.a[137](ruleiter.ao)) was built for newer 'macOS' version (26.0) than being linked (10.6)
ld: warning: object file (/Users/macbookpro/leopard-webkit-build/dist/icu/lib/libicuuc.a[138](caniter.ao)) was built for newer 'macOS' version (26.0) than being linked (10.6)
ld: warning: object file (/Users/macbookpro/leopard-webkit-build/dist/icu/lib/libicuuc.a[139](unifilt.ao)) was built for newer 'macOS' version (26.0) than being linked (10.6)
ld: warning: object file (/Users/macbookpro/leopard-webkit-build/dist/icu/lib/libicuuc.a[140](unifunct.ao)) was built for newer 'macOS' version (26.0) than being linked (10.6)
ld: warning: object file (/Users/macbookpro/leopard-webkit-build/dist/icu/lib/libicuuc.a[141](uarrsort.ao)) was built for newer 'macOS' version (26.0) than being linked (10.6)
ld: warning: object file (/Users/macbookpro/leopard-webkit-build/dist/icu/lib/libicuuc.a[142](brkiter.ao)) was built for newer 'macOS' version (26.0) than being linked (10.6)
ld: warning: object file (/Users/macbookpro/leopard-webkit-build/dist/icu/lib/libicuuc.a[143](ubrk.ao)) was built for newer 'macOS' version (26.0) than being linked (10.6)
ld: warning: object file (/Users/macbookpro/leopard-webkit-build/dist/icu/lib/libicuuc.a[144](brkeng.ao)) was built for newer 'macOS' version (26.0) than being linked (10.6)
ld: warning: object file (/Users/macbookpro/leopard-webkit-build/dist/icu/lib/libicuuc.a[145](dictbe.ao)) was built for newer 'macOS' version (26.0) than being linked (10.6)
ld: warning: object file (/Users/macbookpro/leopard-webkit-build/dist/icu/lib/libicuuc.a[146](filteredbrk.ao)) was built for newer 'macOS' version (26.0) than being linked (10.6)
ld: warning: object file (/Users/macbookpro/leopard-webkit-build/dist/icu/lib/libicuuc.a[147](rbbi.ao)) was built for newer 'macOS' version (26.0) than being linked (10.6)
ld: warning: object file (/Users/macbookpro/leopard-webkit-build/dist/icu/lib/libicuuc.a[148](rbbidata.ao)) was built for newer 'macOS' version (26.0) than being linked (10.6)
ld: warning: object file (/Users/macbookpro/leopard-webkit-build/dist/icu/lib/libicuuc.a[149](rbbinode.ao)) was built for newer 'macOS' version (26.0) than being linked (10.6)
ld: warning: object file (/Users/macbookpro/leopard-webkit-build/dist/icu/lib/libicuuc.a[150](rbbirb.ao)) was built for newer 'macOS' version (26.0) than being linked (10.6)
ld: warning: object file (/Users/macbookpro/leopard-webkit-build/dist/icu/lib/libicuuc.a[151](rbbiscan.ao)) was built for newer 'macOS' version (26.0) than being linked (10.6)
ld: warning: object file (/Users/macbookpro/leopard-webkit-build/dist/icu/lib/libicuuc.a[152](rbbisetb.ao)) was built for newer 'macOS' version (26.0) than being linked (10.6)
ld: warning: object file (/Users/macbookpro/leopard-webkit-build/dist/icu/lib/libicuuc.a[153](rbbistbl.ao)) was built for newer 'macOS' version (26.0) than being linked (10.6)
ld: warning: object file (/Users/macbookpro/leopard-webkit-build/dist/icu/lib/libicuuc.a[154](rbbitblb.ao)) was built for newer 'macOS' version (26.0) than being linked (10.6)
ld: warning: object file (/Users/macbookpro/leopard-webkit-build/dist/icu/lib/libicuuc.a[155](rbbi_cache.ao)) was built for newer 'macOS' version (26.0) than being linked (10.6)
ld: warning: object file (/Users/macbookpro/leopard-webkit-build/dist/icu/lib/libicuuc.a[156](serv.ao)) was built for newer 'macOS' version (26.0) than being linked (10.6)
ld: warning: object file (/Users/macbookpro/leopard-webkit-build/dist/icu/lib/libicuuc.a[157](servnotf.ao)) was built for newer 'macOS' version (26.0) than being linked (10.6)
ld: warning: object file (/Users/macbookpro/leopard-webkit-build/dist/icu/lib/libicuuc.a[158](servls.ao)) was built for newer 'macOS' version (26.0) than being linked (10.6)
ld: warning: object file (/Users/macbookpro/leopard-webkit-build/dist/icu/lib/libicuuc.a[159](servlk.ao)) was built for newer 'macOS' version (26.0) than being linked (10.6)
ld: warning: object file (/Users/macbookpro/leopard-webkit-build/dist/icu/lib/libicuuc.a[160](servlkf.ao)) was built for newer 'macOS' version (26.0) than being linked (10.6)
ld: warning: object file (/Users/macbookpro/leopard-webkit-build/dist/icu/lib/libicuuc.a[161](servrbf.ao)) was built for newer 'macOS' version (26.0) than being linked (10.6)
ld: warning: object file (/Users/macbookpro/leopard-webkit-build/dist/icu/lib/libicuuc.a[162](servslkf.ao)) was built for newer 'macOS' version (26.0) than being linked (10.6)
ld: warning: object file (/Users/macbookpro/leopard-webkit-build/dist/icu/lib/libicuuc.a[165](uts46.ao)) was built for newer 'macOS' version (26.0) than being linked (10.6)
ld: warning: object file (/Users/macbookpro/leopard-webkit-build/dist/icu/lib/libicuuc.a[166](punycode.ao)) was built for newer 'macOS' version (26.0) than being linked (10.6)
ld: warning: object file (/Users/macbookpro/leopard-webkit-build/dist/icu/lib/libicuuc.a[167](util.ao)) was built for newer 'macOS' version (26.0) than being linked (10.6)
ld: warning: object file (/Users/macbookpro/leopard-webkit-build/dist/icu/lib/libicuuc.a[169](parsepos.ao)) was built for newer 'macOS' version (26.0) than being linked (10.6)
ld: warning: object file (/Users/macbookpro/leopard-webkit-build/dist/icu/lib/libicuuc.a[170](locbased.ao)) was built for newer 'macOS' version (26.0) than being linked (10.6)
ld: warning: object file (/Users/macbookpro/leopard-webkit-build/dist/icu/lib/libicuuc.a[176](ulist.ao)) was built for newer 'macOS' version (26.0) than being linked (10.6)
ld: warning: object file (/Users/macbookpro/leopard-webkit-build/dist/icu/lib/libicuuc.a[177](uloc_tag.ao)) was built for newer 'macOS' version (26.0) than being linked (10.6)
ld: warning: object file (/Users/macbookpro/leopard-webkit-build/dist/icu/lib/libicuuc.a[182](sharedobject.ao)) was built for newer 'macOS' version (26.0) than being linked (10.6)
ld: warning: object file (/Users/macbookpro/leopard-webkit-build/dist/icu/lib/libicuuc.a[183](simpleformatter.ao)) was built for newer 'macOS' version (26.0) than being linked (10.6)
ld: warning: object file (/Users/macbookpro/leopard-webkit-build/dist/icu/lib/libicuuc.a[184](unifiedcache.ao)) was built for newer 'macOS' version (26.0) than being linked (10.6)
ld: warning: object file (/Users/macbookpro/leopard-webkit-build/dist/icu/lib/libicuuc.a[185](uloc_keytype.ao)) was built for newer 'macOS' version (26.0) than being linked (10.6)
ld: warning: object file (/Users/macbookpro/leopard-webkit-build/dist/icu/lib/libicuuc.a[188](static_unicode_sets.ao)) was built for newer 'macOS' version (26.0) than being linked (10.6)
ld: warning: object file (/Users/macbookpro/leopard-webkit-build/dist/icu/lib/libicui18n.a[2](ucln_in.ao)) was built for newer 'macOS' version (26.0) than being linked (10.6)
ld: warning: object file (/Users/macbookpro/leopard-webkit-build/dist/icu/lib/libicui18n.a[3](fmtable.ao)) was built for newer 'macOS' version (26.0) than being linked (10.6)
ld: warning: object file (/Users/macbookpro/leopard-webkit-build/dist/icu/lib/libicui18n.a[4](format.ao)) was built for newer 'macOS' version (26.0) than being linked (10.6)
ld: warning: object file (/Users/macbookpro/leopard-webkit-build/dist/icu/lib/libicui18n.a[5](msgfmt.ao)) was built for newer 'macOS' version (26.0) than being linked (10.6)
ld: warning: object file (/Users/macbookpro/leopard-webkit-build/dist/icu/lib/libicui18n.a[6](umsg.ao)) was built for newer 'macOS' version (26.0) than being linked (10.6)
ld: warning: object file (/Users/macbookpro/leopard-webkit-build/dist/icu/lib/libicui18n.a[7](numfmt.ao)) was built for newer 'macOS' version (26.0) than being linked (10.6)
ld: warning: object file (/Users/macbookpro/leopard-webkit-build/dist/icu/lib/libicui18n.a[8](unum.ao)) was built for newer 'macOS' version (26.0) than being linked (10.6)
ld: warning: object file (/Users/macbookpro/leopard-webkit-build/dist/icu/lib/libicui18n.a[9](decimfmt.ao)) was built for newer 'macOS' version (26.0) than being linked (10.6)
ld: warning: object file (/Users/macbookpro/leopard-webkit-build/dist/icu/lib/libicui18n.a[10](dcfmtsym.ao)) was built for newer 'macOS' version (26.0) than being linked (10.6)
ld: warning: object file (/Users/macbookpro/leopard-webkit-build/dist/icu/lib/libicui18n.a[12](choicfmt.ao)) was built for newer 'macOS' version (26.0) than being linked (10.6)
ld: warning: object file (/Users/macbookpro/leopard-webkit-build/dist/icu/lib/libicui18n.a[13](datefmt.ao)) was built for newer 'macOS' version (26.0) than being linked (10.6)
ld: warning: object file (/Users/macbookpro/leopard-webkit-build/dist/icu/lib/libicui18n.a[14](smpdtfmt.ao)) was built for newer 'macOS' version (26.0) than being linked (10.6)
ld: warning: object file (/Users/macbookpro/leopard-webkit-build/dist/icu/lib/libicui18n.a[15](reldtfmt.ao)) was built for newer 'macOS' version (26.0) than being linked (10.6)
ld: warning: object file (/Users/macbookpro/leopard-webkit-build/dist/icu/lib/libicui18n.a[16](dtfmtsym.ao)) was built for newer 'macOS' version (26.0) than being linked (10.6)
ld: warning: object file (/Users/macbookpro/leopard-webkit-build/dist/icu/lib/libicui18n.a[17](udat.ao)) was built for newer 'macOS' version (26.0) than being linked (10.6)
ld: warning: object file (/Users/macbookpro/leopard-webkit-build/dist/icu/lib/libicui18n.a[18](dtptngen.ao)) was built for newer 'macOS' version (26.0) than being linked (10.6)
ld: warning: object file (/Users/macbookpro/leopard-webkit-build/dist/icu/lib/libicui18n.a[19](udatpg.ao)) was built for newer 'macOS' version (26.0) than being linked (10.6)
ld: warning: object file (/Users/macbookpro/leopard-webkit-build/dist/icu/lib/libicui18n.a[20](nfrs.ao)) was built for newer 'macOS' version (26.0) than being linked (10.6)
ld: warning: object file (/Users/macbookpro/leopard-webkit-build/dist/icu/lib/libicui18n.a[21](nfrule.ao)) was built for newer 'macOS' version (26.0) than being linked (10.6)
ld: warning: object file (/Users/macbookpro/leopard-webkit-build/dist/icu/lib/libicui18n.a[22](nfsubs.ao)) was built for newer 'macOS' version (26.0) than being linked (10.6)
ld: warning: object file (/Users/macbookpro/leopard-webkit-build/dist/icu/lib/libicui18n.a[23](rbnf.ao)) was built for newer 'macOS' version (26.0) than being linked (10.6)
ld: warning: object file (/Users/macbookpro/leopard-webkit-build/dist/icu/lib/libicui18n.a[24](numsys.ao)) was built for newer 'macOS' version (26.0) than being linked (10.6)
ld: warning: object file (/Users/macbookpro/leopard-webkit-build/dist/icu/lib/libicui18n.a[25](unumsys.ao)) was built for newer 'macOS' version (26.0) than being linked (10.6)
ld: warning: object file (/Users/macbookpro/leopard-webkit-build/dist/icu/lib/libicui18n.a[27](ucal.ao)) was built for newer 'macOS' version (26.0) than being linked (10.6)
ld: warning: object file (/Users/macbookpro/leopard-webkit-build/dist/icu/lib/libicui18n.a[28](calendar.ao)) was built for newer 'macOS' version (26.0) than being linked (10.6)
ld: warning: object file (/Users/macbookpro/leopard-webkit-build/dist/icu/lib/libicui18n.a[29](gregocal.ao)) was built for newer 'macOS' version (26.0) than being linked (10.6)
ld: warning: object file (/Users/macbookpro/leopard-webkit-build/dist/icu/lib/libicui18n.a[30](timezone.ao)) was built for newer 'macOS' version (26.0) than being linked (10.6)
ld: warning: object file (/Users/macbookpro/leopard-webkit-build/dist/icu/lib/libicui18n.a[31](simpletz.ao)) was built for newer 'macOS' version (26.0) than being linked (10.6)
ld: warning: object file (/Users/macbookpro/leopard-webkit-build/dist/icu/lib/libicui18n.a[32](olsontz.ao)) was built for newer 'macOS' version (26.0) than being linked (10.6)
ld: warning: object file (/Users/macbookpro/leopard-webkit-build/dist/icu/lib/libicui18n.a[33](astro.ao)) was built for newer 'macOS' version (26.0) than being linked (10.6)
ld: warning: object file (/Users/macbookpro/leopard-webkit-build/dist/icu/lib/libicui18n.a[34](taiwncal.ao)) was built for newer 'macOS' version (26.0) than being linked (10.6)
ld: warning: object file (/Users/macbookpro/leopard-webkit-build/dist/icu/lib/libicui18n.a[35](buddhcal.ao)) was built for newer 'macOS' version (26.0) than being linked (10.6)
ld: warning: object file (/Users/macbookpro/leopard-webkit-build/dist/icu/lib/libicui18n.a[36](persncal.ao)) was built for newer 'macOS' version (26.0) than being linked (10.6)
ld: warning: object file (/Users/macbookpro/leopard-webkit-build/dist/icu/lib/libicui18n.a[37](islamcal.ao)) was built for newer 'macOS' version (26.0) than being linked (10.6)
ld: warning: object file (/Users/macbookpro/leopard-webkit-build/dist/icu/lib/libicui18n.a[38](japancal.ao)) was built for newer 'macOS' version (26.0) than being linked (10.6)
ld: warning: object file (/Users/macbookpro/leopard-webkit-build/dist/icu/lib/libicui18n.a[39](gregoimp.ao)) was built for newer 'macOS' version (26.0) than being linked (10.6)
ld: warning: object file (/Users/macbookpro/leopard-webkit-build/dist/icu/lib/libicui18n.a[40](hebrwcal.ao)) was built for newer 'macOS' version (26.0) than being linked (10.6)
ld: warning: object file (/Users/macbookpro/leopard-webkit-build/dist/icu/lib/libicui18n.a[41](indiancal.ao)) was built for newer 'macOS' version (26.0) than being linked (10.6)
ld: warning: object file (/Users/macbookpro/leopard-webkit-build/dist/icu/lib/libicui18n.a[42](chnsecal.ao)) was built for newer 'macOS' version (26.0) than being linked (10.6)
ld: warning: object file (/Users/macbookpro/leopard-webkit-build/dist/icu/lib/libicui18n.a[43](cecal.ao)) was built for newer 'macOS' version (26.0) than being linked (10.6)
ld: warning: object file (/Users/macbookpro/leopard-webkit-build/dist/icu/lib/libicui18n.a[44](coptccal.ao)) was built for newer 'macOS' version (26.0) than being linked (10.6)
ld: warning: object file (/Users/macbookpro/leopard-webkit-build/dist/icu/lib/libicui18n.a[45](dangical.ao)) was built for newer 'macOS' version (26.0) than being linked (10.6)
ld: warning: object file (/Users/macbookpro/leopard-webkit-build/dist/icu/lib/libicui18n.a[46](ethpccal.ao)) was built for newer 'macOS' version (26.0) than being linked (10.6)
ld: warning: object file (/Users/macbookpro/leopard-webkit-build/dist/icu/lib/libicui18n.a[47](coleitr.ao)) was built for newer 'macOS' version (26.0) than being linked (10.6)
ld: warning: object file (/Users/macbookpro/leopard-webkit-build/dist/icu/lib/libicui18n.a[48](coll.ao)) was built for newer 'macOS' version (26.0) than being linked (10.6)
ld: warning: object file (/Users/macbookpro/leopard-webkit-build/dist/icu/lib/libicui18n.a[49](sortkey.ao)) was built for newer 'macOS' version (26.0) than being linked (10.6)
ld: warning: object file (/Users/macbookpro/leopard-webkit-build/dist/icu/lib/libicui18n.a[50](bocsu.ao)) was built for newer 'macOS' version (26.0) than being linked (10.6)
ld: warning: object file (/Users/macbookpro/leopard-webkit-build/dist/icu/lib/libicui18n.a[52](ucol.ao)) was built for newer 'macOS' version (26.0) than being linked (10.6)
ld: warning: object file (/Users/macbookpro/leopard-webkit-build/dist/icu/lib/libicui18n.a[53](ucol_res.ao)) was built for newer 'macOS' version (26.0) than being linked (10.6)
ld: warning: object file (/Users/macbookpro/leopard-webkit-build/dist/icu/lib/libicui18n.a[54](ucol_sit.ao)) was built for newer 'macOS' version (26.0) than being linked (10.6)
ld: warning: object file (/Users/macbookpro/leopard-webkit-build/dist/icu/lib/libicui18n.a[55](collation.ao)) was built for newer 'macOS' version (26.0) than being linked (10.6)
ld: warning: object file (/Users/macbookpro/leopard-webkit-build/dist/icu/lib/libicui18n.a[56](collationsettings.ao)) was built for newer 'macOS' version (26.0) than being linked (10.6)
ld: warning: object file (/Users/macbookpro/leopard-webkit-build/dist/icu/lib/libicui18n.a[57](collationdata.ao)) was built for newer 'macOS' version (26.0) than being linked (10.6)
ld: warning: object file (/Users/macbookpro/leopard-webkit-build/dist/icu/lib/libicui18n.a[58](collationtailoring.ao)) was built for newer 'macOS' version (26.0) than being linked (10.6)
ld: warning: object file (/Users/macbookpro/leopard-webkit-build/dist/icu/lib/libicui18n.a[59](collationdatareader.ao)) was built for newer 'macOS' version (26.0) than being linked (10.6)
ld: warning: object file (/Users/macbookpro/leopard-webkit-build/dist/icu/lib/libicui18n.a[60](collationdatawriter.ao)) was built for newer 'macOS' version (26.0) than being linked (10.6)
ld: warning: object file (/Users/macbookpro/leopard-webkit-build/dist/icu/lib/libicui18n.a[61](collationfcd.ao)) was built for newer 'macOS' version (26.0) than being linked (10.6)
ld: warning: object file (/Users/macbookpro/leopard-webkit-build/dist/icu/lib/libicui18n.a[62](collationiterator.ao)) was built for newer 'macOS' version (26.0) than being linked (10.6)
ld: warning: object file (/Users/macbookpro/leopard-webkit-build/dist/icu/lib/libicui18n.a[63](utf16collationiterator.ao)) was built for newer 'macOS' version (26.0) than being linked (10.6)
ld: warning: object file (/Users/macbookpro/leopard-webkit-build/dist/icu/lib/libicui18n.a[64](utf8collationiterator.ao)) was built for newer 'macOS' version (26.0) than being linked (10.6)
ld: warning: object file (/Users/macbookpro/leopard-webkit-build/dist/icu/lib/libicui18n.a[65](uitercollationiterator.ao)) was built for newer 'macOS' version (26.0) than being linked (10.6)
ld: warning: object file (/Users/macbookpro/leopard-webkit-build/dist/icu/lib/libicui18n.a[66](collationsets.ao)) was built for newer 'macOS' version (26.0) than being linked (10.6)
ld: warning: object file (/Users/macbookpro/leopard-webkit-build/dist/icu/lib/libicui18n.a[67](collationcompare.ao)) was built for newer 'macOS' version (26.0) than being linked (10.6)
ld: warning: object file (/Users/macbookpro/leopard-webkit-build/dist/icu/lib/libicui18n.a[68](collationfastlatin.ao)) was built for newer 'macOS' version (26.0) than being linked (10.6)
ld: warning: object file (/Users/macbookpro/leopard-webkit-build/dist/icu/lib/libicui18n.a[69](collationkeys.ao)) was built for newer 'macOS' version (26.0) than being linked (10.6)
ld: warning: object file (/Users/macbookpro/leopard-webkit-build/dist/icu/lib/libicui18n.a[70](rulebasedcollator.ao)) was built for newer 'macOS' version (26.0) than being linked (10.6)
ld: warning: object file (/Users/macbookpro/leopard-webkit-build/dist/icu/lib/libicui18n.a[71](collationroot.ao)) was built for newer 'macOS' version (26.0) than being linked (10.6)
ld: warning: object file (/Users/macbookpro/leopard-webkit-build/dist/icu/lib/libicui18n.a[72](collationrootelements.ao)) was built for newer 'macOS' version (26.0) than being linked (10.6)
ld: warning: object file (/Users/macbookpro/leopard-webkit-build/dist/icu/lib/libicui18n.a[73](collationdatabuilder.ao)) was built for newer 'macOS' version (26.0) than being linked (10.6)
ld: warning: object file (/Users/macbookpro/leopard-webkit-build/dist/icu/lib/libicui18n.a[74](collationweights.ao)) was built for newer 'macOS' version (26.0) than being linked (10.6)
ld: warning: object file (/Users/macbookpro/leopard-webkit-build/dist/icu/lib/libicui18n.a[75](collationruleparser.ao)) was built for newer 'macOS' version (26.0) than being linked (10.6)
ld: warning: object file (/Users/macbookpro/leopard-webkit-build/dist/icu/lib/libicui18n.a[76](collationbuilder.ao)) was built for newer 'macOS' version (26.0) than being linked (10.6)
ld: warning: object file (/Users/macbookpro/leopard-webkit-build/dist/icu/lib/libicui18n.a[77](collationfastlatinbuilder.ao)) was built for newer 'macOS' version (26.0) than being linked (10.6)
ld: warning: object file (/Users/macbookpro/leopard-webkit-build/dist/icu/lib/libicui18n.a[119](curramt.ao)) was built for newer 'macOS' version (26.0) than being linked (10.6)
ld: warning: object file (/Users/macbookpro/leopard-webkit-build/dist/icu/lib/libicui18n.a[120](currunit.ao)) was built for newer 'macOS' version (26.0) than being linked (10.6)
ld: warning: object file (/Users/macbookpro/leopard-webkit-build/dist/icu/lib/libicui18n.a[121](measure.ao)) was built for newer 'macOS' version (26.0) than being linked (10.6)
ld: warning: object file (/Users/macbookpro/leopard-webkit-build/dist/icu/lib/libicui18n.a[135](basictz.ao)) was built for newer 'macOS' version (26.0) than being linked (10.6)
ld: warning: object file (/Users/macbookpro/leopard-webkit-build/dist/icu/lib/libicui18n.a[136](dtrule.ao)) was built for newer 'macOS' version (26.0) than being linked (10.6)
ld: warning: object file (/Users/macbookpro/leopard-webkit-build/dist/icu/lib/libicui18n.a[137](rbtz.ao)) was built for newer 'macOS' version (26.0) than being linked (10.6)
ld: warning: object file (/Users/macbookpro/leopard-webkit-build/dist/icu/lib/libicui18n.a[138](tzrule.ao)) was built for newer 'macOS' version (26.0) than being linked (10.6)
ld: warning: object file (/Users/macbookpro/leopard-webkit-build/dist/icu/lib/libicui18n.a[139](tztrans.ao)) was built for newer 'macOS' version (26.0) than being linked (10.6)
ld: warning: object file (/Users/macbookpro/leopard-webkit-build/dist/icu/lib/libicui18n.a[140](vtzone.ao)) was built for newer 'macOS' version (26.0) than being linked (10.6)
ld: warning: object file (/Users/macbookpro/leopard-webkit-build/dist/icu/lib/libicui18n.a[141](zonemeta.ao)) was built for newer 'macOS' version (26.0) than being linked (10.6)
ld: warning: object file (/Users/macbookpro/leopard-webkit-build/dist/icu/lib/libicui18n.a[142](standardplural.ao)) was built for newer 'macOS' version (26.0) than being linked (10.6)
ld: warning: object file (/Users/macbookpro/leopard-webkit-build/dist/icu/lib/libicui18n.a[143](upluralrules.ao)) was built for newer 'macOS' version (26.0) than being linked (10.6)
ld: warning: object file (/Users/macbookpro/leopard-webkit-build/dist/icu/lib/libicui18n.a[144](plurrule.ao)) was built for newer 'macOS' version (26.0) than being linked (10.6)
ld: warning: object file (/Users/macbookpro/leopard-webkit-build/dist/icu/lib/libicui18n.a[145](plurfmt.ao)) was built for newer 'macOS' version (26.0) than being linked (10.6)
ld: warning: object file (/Users/macbookpro/leopard-webkit-build/dist/icu/lib/libicui18n.a[146](selfmt.ao)) was built for newer 'macOS' version (26.0) than being linked (10.6)
ld: warning: object file (/Users/macbookpro/leopard-webkit-build/dist/icu/lib/libicui18n.a[153](currpinf.ao)) was built for newer 'macOS' version (26.0) than being linked (10.6)
ld: warning: object file (/Users/macbookpro/leopard-webkit-build/dist/icu/lib/libicui18n.a[158](smpdtfst.ao)) was built for newer 'macOS' version (26.0) than being linked (10.6)
ld: warning: object file (/Users/macbookpro/leopard-webkit-build/dist/icu/lib/libicui18n.a[162](fphdlimp.ao)) was built for newer 'macOS' version (26.0) than being linked (10.6)
ld: warning: object file (/Users/macbookpro/leopard-webkit-build/dist/icu/lib/libicui18n.a[163](fpositer.ao)) was built for newer 'macOS' version (26.0) than being linked (10.6)
ld: warning: object file (/Users/macbookpro/leopard-webkit-build/dist/icu/lib/libicui18n.a[164](ufieldpositer.ao)) was built for newer 'macOS' version (26.0) than being linked (10.6)
ld: warning: object file (/Users/macbookpro/leopard-webkit-build/dist/icu/lib/libicui18n.a[165](decNumber.ao)) was built for newer 'macOS' version (26.0) than being linked (10.6)
ld: warning: object file (/Users/macbookpro/leopard-webkit-build/dist/icu/lib/libicui18n.a[166](decContext.ao)) was built for newer 'macOS' version (26.0) than being linked (10.6)
ld: warning: object file (/Users/macbookpro/leopard-webkit-build/dist/icu/lib/libicui18n.a[168](tznames.ao)) was built for newer 'macOS' version (26.0) than being linked (10.6)
ld: warning: object file (/Users/macbookpro/leopard-webkit-build/dist/icu/lib/libicui18n.a[169](tznames_impl.ao)) was built for newer 'macOS' version (26.0) than being linked (10.6)
ld: warning: object file (/Users/macbookpro/leopard-webkit-build/dist/icu/lib/libicui18n.a[170](tzgnames.ao)) was built for newer 'macOS' version (26.0) than being linked (10.6)
ld: warning: object file (/Users/macbookpro/leopard-webkit-build/dist/icu/lib/libicui18n.a[171](tzfmt.ao)) was built for newer 'macOS' version (26.0) than being linked (10.6)
ld: warning: object file (/Users/macbookpro/leopard-webkit-build/dist/icu/lib/libicui18n.a[172](compactdecimalformat.ao)) was built for newer 'macOS' version (26.0) than being linked (10.6)
ld: warning: object file (/Users/macbookpro/leopard-webkit-build/dist/icu/lib/libicui18n.a[177](reldatefmt.ao)) was built for newer 'macOS' version (26.0) than being linked (10.6)
ld: warning: object file (/Users/macbookpro/leopard-webkit-build/dist/icu/lib/libicui18n.a[178](quantityformatter.ao)) was built for newer 'macOS' version (26.0) than being linked (10.6)
ld: warning: object file (/Users/macbookpro/leopard-webkit-build/dist/icu/lib/libicui18n.a[179](measunit.ao)) was built for newer 'macOS' version (26.0) than being linked (10.6)
ld: warning: object file (/Users/macbookpro/leopard-webkit-build/dist/icu/lib/libicui18n.a[180](sharedbreakiterator.ao)) was built for newer 'macOS' version (26.0) than being linked (10.6)
ld: warning: object file (/Users/macbookpro/leopard-webkit-build/dist/icu/lib/libicui18n.a[182](dayperiodrules.ao)) was built for newer 'macOS' version (26.0) than being linked (10.6)
ld: warning: object file (/Users/macbookpro/leopard-webkit-build/dist/icu/lib/libicui18n.a[183](nounit.ao)) was built for newer 'macOS' version (26.0) than being linked (10.6)
ld: warning: object file (/Users/macbookpro/leopard-webkit-build/dist/icu/lib/libicui18n.a[184](number_affixutils.ao)) was built for newer 'macOS' version (26.0) than being linked (10.6)
ld: warning: object file (/Users/macbookpro/leopard-webkit-build/dist/icu/lib/libicui18n.a[185](number_compact.ao)) was built for newer 'macOS' version (26.0) than being linked (10.6)
ld: warning: object file (/Users/macbookpro/leopard-webkit-build/dist/icu/lib/libicui18n.a[186](number_decimalquantity.ao)) was built for newer 'macOS' version (26.0) than being linked (10.6)
ld: warning: object file (/Users/macbookpro/leopard-webkit-build/dist/icu/lib/libicui18n.a[187](number_decimfmtprops.ao)) was built for newer 'macOS' version (26.0) than being linked (10.6)
ld: warning: object file (/Users/macbookpro/leopard-webkit-build/dist/icu/lib/libicui18n.a[188](number_fluent.ao)) was built for newer 'macOS' version (26.0) than being linked (10.6)
ld: warning: object file (/Users/macbookpro/leopard-webkit-build/dist/icu/lib/libicui18n.a[189](number_formatimpl.ao)) was built for newer 'macOS' version (26.0) than being linked (10.6)
ld: warning: object file (/Users/macbookpro/leopard-webkit-build/dist/icu/lib/libicui18n.a[190](number_grouping.ao)) was built for newer 'macOS' version (26.0) than being linked (10.6)
ld: warning: object file (/Users/macbookpro/leopard-webkit-build/dist/icu/lib/libicui18n.a[191](number_integerwidth.ao)) was built for newer 'macOS' version (26.0) than being linked (10.6)
ld: warning: object file (/Users/macbookpro/leopard-webkit-build/dist/icu/lib/libicui18n.a[192](number_longnames.ao)) was built for newer 'macOS' version (26.0) than being linked (10.6)
ld: warning: object file (/Users/macbookpro/leopard-webkit-build/dist/icu/lib/libicui18n.a[193](number_modifiers.ao)) was built for newer 'macOS' version (26.0) than being linked (10.6)
ld: warning: object file (/Users/macbookpro/leopard-webkit-build/dist/icu/lib/libicui18n.a[194](number_notation.ao)) was built for newer 'macOS' version (26.0) than being linked (10.6)
ld: warning: object file (/Users/macbookpro/leopard-webkit-build/dist/icu/lib/libicui18n.a[195](number_padding.ao)) was built for newer 'macOS' version (26.0) than being linked (10.6)
ld: warning: object file (/Users/macbookpro/leopard-webkit-build/dist/icu/lib/libicui18n.a[196](number_patternmodifier.ao)) was built for newer 'macOS' version (26.0) than being linked (10.6)
ld: warning: object file (/Users/macbookpro/leopard-webkit-build/dist/icu/lib/libicui18n.a[197](number_patternstring.ao)) was built for newer 'macOS' version (26.0) than being linked (10.6)
ld: warning: object file (/Users/macbookpro/leopard-webkit-build/dist/icu/lib/libicui18n.a[198](number_rounding.ao)) was built for newer 'macOS' version (26.0) than being linked (10.6)
ld: warning: object file (/Users/macbookpro/leopard-webkit-build/dist/icu/lib/libicui18n.a[199](number_scientific.ao)) was built for newer 'macOS' version (26.0) than being linked (10.6)
ld: warning: object file (/Users/macbookpro/leopard-webkit-build/dist/icu/lib/libicui18n.a[200](number_stringbuilder.ao)) was built for newer 'macOS' version (26.0) than being linked (10.6)
ld: warning: object file (/Users/macbookpro/leopard-webkit-build/dist/icu/lib/libicui18n.a[201](number_utils.ao)) was built for newer 'macOS' version (26.0) than being linked (10.6)
ld: warning: object file (/Users/macbookpro/leopard-webkit-build/dist/icu/lib/libicui18n.a[202](number_asformat.ao)) was built for newer 'macOS' version (26.0) than being linked (10.6)
ld: warning: object file (/Users/macbookpro/leopard-webkit-build/dist/icu/lib/libicui18n.a[203](number_mapper.ao)) was built for newer 'macOS' version (26.0) than being linked (10.6)
ld: warning: object file (/Users/macbookpro/leopard-webkit-build/dist/icu/lib/libicui18n.a[204](number_multiplier.ao)) was built for newer 'macOS' version (26.0) than being linked (10.6)
ld: warning: object file (/Users/macbookpro/leopard-webkit-build/dist/icu/lib/libicui18n.a[205](number_currencysymbols.ao)) was built for newer 'macOS' version (26.0) than being linked (10.6)
ld: warning: object file (/Users/macbookpro/leopard-webkit-build/dist/icu/lib/libicui18n.a[206](number_skeletons.ao)) was built for newer 'macOS' version (26.0) than being linked (10.6)
ld: warning: object file (/Users/macbookpro/leopard-webkit-build/dist/icu/lib/libicui18n.a[208](double-conversion.ao)) was built for newer 'macOS' version (26.0) than being linked (10.6)
ld: warning: object file (/Users/macbookpro/leopard-webkit-build/dist/icu/lib/libicui18n.a[209](double-conversion-bignum-dtoa.ao)) was built for newer 'macOS' version (26.0) than being linked (10.6)
ld: warning: object file (/Users/macbookpro/leopard-webkit-build/dist/icu/lib/libicui18n.a[210](double-conversion-bignum.ao)) was built for newer 'macOS' version (26.0) than being linked (10.6)
ld: warning: object file (/Users/macbookpro/leopard-webkit-build/dist/icu/lib/libicui18n.a[211](double-conversion-cached-powers.ao)) was built for newer 'macOS' version (26.0) than being linked (10.6)
ld: warning: object file (/Users/macbookpro/leopard-webkit-build/dist/icu/lib/libicui18n.a[212](double-conversion-diy-fp.ao)) was built for newer 'macOS' version (26.0) than being linked (10.6)
ld: warning: object file (/Users/macbookpro/leopard-webkit-build/dist/icu/lib/libicui18n.a[213](double-conversion-fast-dtoa.ao)) was built for newer 'macOS' version (26.0) than being linked (10.6)
ld: warning: object file (/Users/macbookpro/leopard-webkit-build/dist/icu/lib/libicui18n.a[214](double-conversion-strtod.ao)) was built for newer 'macOS' version (26.0) than being linked (10.6)
ld: warning: object file (/Users/macbookpro/leopard-webkit-build/dist/icu/lib/libicui18n.a[215](numparse_stringsegment.ao)) was built for newer 'macOS' version (26.0) than being linked (10.6)
ld: warning: object file (/Users/macbookpro/leopard-webkit-build/dist/icu/lib/libicui18n.a[216](numparse_parsednumber.ao)) was built for newer 'macOS' version (26.0) than being linked (10.6)
ld: warning: object file (/Users/macbookpro/leopard-webkit-build/dist/icu/lib/libicui18n.a[217](numparse_impl.ao)) was built for newer 'macOS' version (26.0) than being linked (10.6)
ld: warning: object file (/Users/macbookpro/leopard-webkit-build/dist/icu/lib/libicui18n.a[218](numparse_symbols.ao)) was built for newer 'macOS' version (26.0) than being linked (10.6)
ld: warning: object file (/Users/macbookpro/leopard-webkit-build/dist/icu/lib/libicui18n.a[219](numparse_decimal.ao)) was built for newer 'macOS' version (26.0) than being linked (10.6)
ld: warning: object file (/Users/macbookpro/leopard-webkit-build/dist/icu/lib/libicui18n.a[220](numparse_scientific.ao)) was built for newer 'macOS' version (26.0) than being linked (10.6)
ld: warning: object file (/Users/macbookpro/leopard-webkit-build/dist/icu/lib/libicui18n.a[221](numparse_currency.ao)) was built for newer 'macOS' version (26.0) than being linked (10.6)
ld: warning: object file (/Users/macbookpro/leopard-webkit-build/dist/icu/lib/libicui18n.a[222](numparse_affixes.ao)) was built for newer 'macOS' version (26.0) than being linked (10.6)
ld: warning: object file (/Users/macbookpro/leopard-webkit-build/dist/icu/lib/libicui18n.a[223](numparse_compositions.ao)) was built for newer 'macOS' version (26.0) than being linked (10.6)
ld: warning: object file (/Users/macbookpro/leopard-webkit-build/dist/icu/lib/libicui18n.a[224](numparse_validators.ao)) was built for newer 'macOS' version (26.0) than being linked (10.6)
ld: warning: object file (/Users/macbookpro/leopard-webkit-build/dist/icu/lib/libicui18n.a[225](erarules.ao)) was built for newer 'macOS' version (26.0) than being linked (10.6)
ld: warning: object file (/Users/macbookpro/leopard-webkit-build/dist/icu/lib/libicudata.a[2](icudt62l_dat.o)) was built for newer 'macOS' version (26.0) than being linked (10.6)
ld: warning: object file (/Applications/Xcode.app/Contents/Developer/Toolchains/XcodeDefault.xctoolchain/usr/lib/clang/21/lib/darwin/libclang_rt.osx.a[x86_64][142](chkstk_darwin.S.o)) was built for newer 'macOS' version (10.7) than being linked (10.6)
ld: warning: object file (/Applications/Xcode.app/Contents/Developer/Toolchains/XcodeDefault.xctoolchain/usr/lib/clang/21/lib/darwin/libclang_rt.osx.a[x86_64][143](chkstk_darwin2.S.o)) was built for newer 'macOS' version (10.7) than being linked (10.6)
ld: warning: reducing alignment of section __DATA,__common from 0x4000 to 0x1000 because it exceeds segment maximum alignment
